-- phpMyAdmin SQL Dump
-- version 5.0.4
-- https://www.phpmyadmin.net/
--
-- Host: localhost
-- Generation Time: Feb 10, 2021 at 12:43 PM
-- Server version: 10.4.17-MariaDB
-- PHP Version: 7.4.11

SET SQL_MODE = "NO_AUTO_VALUE_ON_ZERO";
START TRANSACTION;
SET time_zone = "+00:00";


/*!40101 SET @OLD_CHARACTER_SET_CLIENT=@@CHARACTER_SET_CLIENT */;
/*!40101 SET @OLD_CHARACTER_SET_RESULTS=@@CHARACTER_SET_RESULTS */;
/*!40101 SET @OLD_COLLATION_CONNECTION=@@COLLATION_CONNECTION */;
/*!40101 SET NAMES utf8mb4 */;

--
-- Database: `sna`
--

-- --------------------------------------------------------

--
-- Table structure for table `admin`
--

CREATE TABLE `admin` (
  `id` int(11) NOT NULL,
  `email` varchar(155) NOT NULL,
  `password` varchar(155) NOT NULL,
  `role` varchar(155) NOT NULL
) ENGINE=InnoDB DEFAULT CHARSET=utf8;

--
-- Dumping data for table `admin`
--

INSERT INTO `admin` (`id`, `email`, `password`, `role`) VALUES
(1, 'info@clicktap.ae', '$2a$10$WqrJQwqiJpy1o/.LC9N3o.iLTfcGyh.69IG0D8PMmQd/mm7SXdR7K', 'superAdmin'),
(2, 'marketing@spacenartists.com', '$2a$10$NGeVd40A7vLJgFofSm2PNuuqD3UJQU3ceihCOfl/BlDXoHP1CJbrq', 'admin');

-- --------------------------------------------------------

--
-- Table structure for table `category`
--

CREATE TABLE `category` (
  `id` int(11) NOT NULL,
  `category_name` varchar(155) DEFAULT NULL,
  `parent_id` int(50) DEFAULT NULL
) ENGINE=InnoDB DEFAULT CHARSET=utf8mb4;

--
-- Dumping data for table `category`
--

INSERT INTO `category` (`id`, `category_name`, `parent_id`) VALUES
(1, 'Admin', 0),
(2, 'Audio/Video', 0),
(3, 'Business', 0),
(4, 'Camera', 0),
(5, 'Children', 0),
(6, 'Clean', 0),
(7, 'Clothing', 0),
(8, 'Cook', 0),
(9, 'Design', 0),
(10, 'Developers', 0),
(11, 'Entertainment', 0),
(12, 'Event Management', 0),
(13, 'Fitness', 0),
(14, 'Gardening', 0),
(15, 'IT', 0),
(16, 'Laundry', 0),
(17, 'Marketing', 0),
(18, 'Performers', 0),
(19, 'Pet', 0),
(20, 'Repair & Assembly', 0),
(21, 'Tutoring', 0),
(22, 'Writing', 0),
(24, 'Research and Analysis', 1),
(25, 'Data Entry', 1),
(26, 'HR Advisor', 1),
(138, 'Admin- Others', 1),
(139, 'Designing', 7),
(140, 'Creation/Stitching', 7),
(141, 'Alterations', 7),
(142, 'Clothing- Others', 7),
(143, 'Home Appliance', 20),
(144, 'Home Electronics', 20),
(145, 'Cars/Vehicles', 20),
(146, 'Furniture', 20),
(147, 'Electronics', 20),
(148, 'Repair and Assembly- Others', 20),
(149, 'Audio Production', 2),
(150, 'Audio Editing', 2),
(151, 'Video Production', 2),
(152, 'Video Editing', 2),
(153, 'Audio/Video- Others', 2),
(154, 'Baby sitting', 5),
(155, 'Baby proofing', 5),
(156, 'Grooming', 5),
(157, 'Children- Others', 5),
(158, 'Business Analysis', 3),
(159, 'Business Development', 3),
(161, 'Product Testing', 3),
(162, 'Strategy Consulting', 3),
(163, 'Project Management', 3),
(164, 'Presentations', 3),
(165, 'Business-Others', 3),
(166, 'Chef', 8),
(167, 'Baker', 8),
(168, 'Cook- Others', 8),
(169, 'Household cleaning', 6),
(170, 'Specialised Cleaning', 6),
(171, 'Clean- Others', 6),
(172, 'Photographers', 4),
(173, 'Videographers', 4),
(174, 'Camera- Others', 4),
(175, 'Website Management', 15),
(176, 'Apps Management', 15),
(177, 'Security', 15),
(178, 'IT- Others', 15),
(179, '3D Modelling / Rendering', 9),
(180, 'UI/UXI Design', 9),
(181, 'Brochure/Flyer Design', 9),
(182, 'Branding', 9),
(183, 'Collateral Design', 9),
(184, 'Architecture', 9),
(185, 'Design- Others', 9),
(186, 'Grooming', 19),
(187, 'Wellness', 19),
(188, 'Boarding', 19),
(189, 'Training', 19),
(190, 'Walking', 19),
(191, 'Pet- Others', 19),
(192, 'Children Entertainer', 11),
(193, 'DJ', 11),
(194, 'Belly Dancer', 11),
(195, 'Singer', 11),
(196, 'Dancer', 11),
(197, 'Magician', 11),
(198, 'Entertainment- Others', 11),
(199, 'Birthday', 12),
(200, 'Parties', 12),
(201, 'Marraige', 12),
(202, 'Security', 12),
(203, 'Event Management- Others', 12),
(204, 'Jiu Jitsu', 13),
(205, 'Personal Training', 13),
(206, 'Nutritional Advice', 13),
(207, 'Weight Loss Training', 13),
(208, 'HIIT Training', 13),
(209, 'Kickboxing', 13),
(210, 'Boxing', 13),
(211, 'MMA', 13),
(212, 'Yoga', 13),
(213, 'Fitness- Others', 13),
(214, 'Clearance', 14),
(215, 'Fertilization', 14),
(216, 'Trimming', 14),
(217, 'Gardening- Others', 14),
(218, 'Commercial Laundry', 16),
(219, 'Dry Cleaning', 16),
(220, 'Laundry- Others', 16),
(221, 'Content Marketing', 17),
(222, 'Email Marketing', 17),
(223, 'Google AdWords Management', 17),
(224, 'Search Engine Marketing', 17),
(225, 'Social Media Marketing', 17),
(226, 'Marketing Strategy', 17),
(227, 'Marketing- Others', 17),
(228, 'Actors', 18),
(229, 'Models', 18),
(230, 'Performers- Others', 18),
(231, 'Maths', 21),
(232, 'Science', 21),
(233, 'Language', 21),
(234, 'Public Speaking', 21),
(235, 'Singing', 21),
(236, 'Musical Instruments', 21),
(237, 'Tutoring- Others', 21),
(238, 'Frontend Developer', 10),
(239, 'Backend Developer', 10),
(240, 'Ecommerce Developer', 10),
(241, 'Testing', 10),
(242, 'Hosting and Server', 10),
(243, 'Developers- Others', 10),
(244, 'Academics', 22),
(245, 'Creative Writing', 22),
(246, 'Poetry', 22),
(247, 'Press Release', 22),
(248, 'Blogs', 22),
(249, 'Resume', 22),
(250, 'Writing- Others', 22),
(251, 'Film Making', 2),
(252, 'Sports', 12),
(253, 'Public Relations', 17),
(254, 'Sports', 0),
(255, 'Cricket', 254),
(256, 'Football', 254),
(257, 'Basketball', 254),
(258, 'Tennis', 254),
(259, 'Badminton', 254),
(260, 'Sports- Others', 254),
(261, 'Travel & Hospitality', 0),
(262, 'Transportation', 261),
(263, 'Accomodation', 261),
(264, 'Catering', 261),
(265, 'Tour', 261),
(266, 'Travel & Hospitality- Others', 261),
(270, 'Grooming', 0),
(272, 'Men\'s Grooming', 270),
(273, 'Women\'s Grooming', 270),
(274, 'Wellness', 0),
(275, 'Meditate', 274),
(276, 'Therapy', 274),
(277, 'Wellness- Others', 274),
(278, 'Industries', 0),
(279, 'Properties', 0),
(280, 'Banking', 0),
(281, 'Household', 0),
(282, 'Corporate services', 0),
(283, 'Hotels & Stay', 0),
(284, 'Advertising', 0),
(285, 'Organic Products', 0),
(286, 'Painting', 0),
(287, 'HVAC Specialist', 278),
(289, 'Civil Engineer', 278),
(290, 'Autocad Specialist', 278),
(291, 'Quantity Surveyor', 278),
(292, 'Industries- Others', 278),
(293, 'Builder', 279),
(294, 'Property Specialist', 279),
(295, 'Mortgage Specialist', 279),
(296, 'Property Analyst', 279),
(297, 'Coworking spaces', 279),
(298, 'Properties- Other ', 279),
(299, 'Home loans specialist', 280),
(300, 'SME Specialist', 280),
(301, 'Mortgage Advisor', 280),
(302, 'Credit Analyst', 280),
(303, 'Recovery services', 280),
(304, 'Management', 280),
(305, 'Data Analyst', 280),
(306, 'Banking- Others', 280),
(307, 'Painter', 281),
(308, 'Carpenter', 281),
(309, 'Handyman', 281),
(310, 'Plumber', 281),
(311, 'Electrician', 281),
(312, 'Movers & Packers', 281),
(313, 'Cleaner', 281),
(314, 'Baby sitter', 281),
(315, 'Maid', 281),
(316, 'Household- Other', 281),
(317, 'Facilities Management', 282),
(318, 'Corporate Gifts', 282),
(319, 'IT services', 282),
(320, 'HR services', 282),
(321, 'Legal services', 282),
(322, 'Sanitization services', 282),
(323, 'Finance', 282),
(324, 'Corporate services- Others', 282),
(325, 'Hotels', 283),
(326, 'Serviced Accomodation', 283),
(327, 'Homestays', 283),
(328, 'Staff Accomodation', 283),
(329, 'CoLiving', 283),
(330, 'Hotels & Stay- Others', 283),
(331, 'Media Buyers', 284),
(332, 'Media Planners', 284),
(334, 'Partnerships & Sponsorship', 284),
(335, 'Advertisement Specialists', 284),
(336, 'Copywriter', 284),
(337, 'Graphic Designer', 284),
(338, 'Content Specialist', 284),
(339, 'Advertising- Others', 284),
(340, 'Organic food', 285),
(341, 'Organic products', 285),
(342, 'Organic produce', 285),
(343, 'Organic Products- Others', 285),
(344, 'Grafitti Artists', 286),
(345, 'Paintings for sale', 286),
(346, 'Paintings products', 286),
(347, 'Painting- Other', 286);

-- --------------------------------------------------------

--
-- Table structure for table `city`
--

CREATE TABLE `city` (
  `id` int(11) NOT NULL,
  `name` varchar(155) DEFAULT NULL,
  `country_id` int(11) DEFAULT NULL
) ENGINE=InnoDB DEFAULT CHARSET=utf8mb4;

--
-- Dumping data for table `city`
--

INSERT INTO `city` (`id`, `name`, `country_id`) VALUES
(2, 'Dubai', 1),
(3, 'Abu Dhabi', 1),
(4, 'Sharjah', 1),
(6, 'Ajman', 1),
(7, 'RAK City', 1),
(8, 'Fujairah', 1),
(9, 'Umm al-Quwain', 1),
(23, 'Adoni', 3),
(24, 'Agartala', 3),
(25, 'Agra', 3),
(26, 'Ahmedabad', 3),
(27, 'Ahmednagar', 3),
(28, 'Aizawl', 3),
(29, 'Ajmer', 3),
(30, 'Akola', 3),
(31, 'Akola', 3),
(32, 'Alappuzha', 3),
(33, 'Aligarh', 3),
(34, 'Allahabad', 3),
(35, 'Alwar', 3),
(36, 'Amaravati', 3),
(37, 'Ambala', 3),
(38, 'Ambarnath', 3),
(39, 'Ambattur', 3),
(40, 'Amravati', 3),
(41, 'Amritsar', 3),
(42, 'Amroha', 3),
(43, 'Anand', 3),
(44, 'Anantapur', 3),
(45, 'Anantapuram', 3),
(46, 'Arrah', 3),
(47, 'Asansol', 3),
(48, 'Aurangabad', 3),
(49, 'Aurangabad', 3),
(50, 'Avadi', 3),
(51, 'Bahraich', 3),
(52, 'Ballia', 3),
(53, 'Bally', 3),
(54, 'Bangalore', 3),
(55, 'Baranagar', 3),
(56, 'Barasat', 3),
(57, 'Bardhaman', 3),
(58, 'Bareilly', 3),
(59, 'Bathinda', 3),
(60, 'Begusarai', 3),
(61, 'Belgaum', 3),
(62, 'Bellary', 3),
(63, 'Berhampore', 3),
(64, 'Berhampur', 3),
(65, 'Bettiah', 3),
(66, 'Bhagalpur', 3),
(67, 'Bhalswa Jahangir Pur', 3),
(68, 'Bharatpur', 3),
(69, 'Bhatpara', 3),
(70, 'Bhavnagar', 3),
(71, 'Bhilai', 3),
(72, 'Bhilwara', 3),
(73, 'Bhimavaram', 3),
(74, 'Bhind', 3),
(75, 'Bhiwandi', 3),
(76, 'Bhiwandi', 3),
(77, 'Bhiwani', 3),
(78, 'Bhopal', 3),
(79, 'Bhubaneswar', 3),
(80, 'Bhubaneswar', 3),
(81, 'Bhusawal', 3),
(82, 'Bidar', 3),
(83, 'Bidhannagar', 3),
(84, 'Bihar Sharif', 3),
(85, 'Bijapur', 3),
(86, 'Bikaner', 3),
(87, 'Bilaspur', 3),
(88, 'Bokaro', 3),
(89, 'Bongaigaon', 3),
(90, 'Bulandshahr', 3),
(91, 'Burhanpur', 3),
(92, 'Buxar', 3),
(93, 'Chandigarh', 3),
(94, 'Chandrapur', 3),
(95, 'Chapra', 3),
(96, 'Chennai', 3),
(97, 'Chinsurah', 3),
(98, 'Chittoor', 3),
(99, 'Coimbatore', 3),
(100, 'Cuttack', 3),
(101, 'Danapur', 3),
(102, 'Darbhanga', 3),
(103, 'Davanagere', 3),
(104, 'Dehradun', 3),
(105, 'Dehri', 3),
(106, 'Delhi', 3),
(107, 'Deoghar', 3),
(108, 'Dewas', 3),
(109, 'Dhanbad', 3),
(110, 'Dharmavaram', 3),
(111, 'Dhule', 3),
(112, 'Dibrugarh', 3),
(113, 'Dindigul', 3),
(114, 'Durg', 3),
(115, 'Durgapur', 3),
(116, 'Eluru', 3),
(117, 'Erode', 3),
(118, 'Etawah', 3),
(119, 'Faridabad', 3),
(120, 'Farrukhabad', 3),
(121, 'Fatehpur', 3),
(122, 'Firozabad', 3),
(123, 'Gandhidham', 3),
(124, 'Gandhinagar', 3),
(125, 'Gangtok', 3),
(126, 'Gaya', 3),
(127, 'Ghaziabad', 3),
(128, 'Giridih', 3),
(129, 'Gopalpur', 3),
(130, 'Gorakhpur', 3),
(131, 'Gudivada', 3),
(132, 'Gulbarga', 3),
(133, 'Guna', 3),
(134, 'Guntakal', 3),
(135, 'Guntakal', 3),
(136, 'Guntur', 3),
(137, 'Gurgaon', 3),
(138, 'Guwahati', 3),
(139, 'Gwalior', 3),
(140, 'Hajipur', 3),
(141, 'Haldia', 3),
(142, 'Hapur', 3),
(143, 'Hapur', 3),
(144, 'Haridwar', 3),
(145, 'Hazaribagh', 3),
(146, 'Hindupur', 3),
(147, 'Hospet', 3),
(148, 'Hosur', 3),
(149, 'Howrah', 3),
(150, 'Hubli–Dharwad', 3),
(151, 'Hyderabad', 3),
(152, 'Ichalkaranji', 3),
(153, 'Imphal', 3),
(154, 'Indore', 3),
(155, 'Jabalpur', 3),
(156, 'Jaipur', 3),
(157, 'Jalandhar', 3),
(158, 'Jalgaon', 3),
(159, 'Jalna', 3),
(160, 'Jamalpur[', 3),
(161, 'Jamalpur', 3),
(162, 'Jammu', 3),
(163, 'Jamnagar', 3),
(164, 'Jamshedpur', 3),
(165, 'Jaunpur', 3),
(166, 'Jehanabad', 3),
(167, 'Jhansi', 3),
(168, 'Jodhpur', 3),
(169, 'Jorhat', 3),
(170, 'Junagadh', 3),
(171, 'Kadapa', 3),
(172, 'Kakinada', 3),
(173, 'Kalyan-Dombivli', 3),
(174, 'Kamarhati', 3),
(175, 'Kanpur', 3),
(176, 'Karaikudi', 3),
(177, 'Karawal Nagar', 3),
(178, 'Karimnagar', 3),
(179, 'Karnal', 3),
(180, 'Katihar', 3),
(181, 'Katni', 3),
(182, 'Kavali', 3),
(183, 'Khammam', 3),
(184, 'Khandwa', 3),
(185, 'Kharagpur', 3),
(186, 'Kharagpur', 3),
(187, 'Khora, Ghaziabad', 3),
(188, 'Kirari Suleman Nagar', 3),
(189, 'Kishanganj', 3),
(190, 'Kochi', 3),
(191, 'Kolhapur', 3),
(192, 'Kolkata', 3),
(193, 'Kollam', 3),
(194, 'Korba', 3),
(195, 'Kota', 3),
(196, 'Kottayam', 3),
(197, 'Kozhikode', 3),
(198, 'Kulti', 3),
(199, 'Kumbakonam', 3),
(200, 'Kurnool', 3),
(201, 'Kurnool', 3),
(202, 'Latur', 3),
(203, 'Loni', 3),
(204, 'Lucknow', 3),
(205, 'Ludhiana', 3),
(206, 'Machilipatnam', 3),
(207, 'Madanapalle', 3),
(208, 'Madhyamgram', 3),
(209, 'Madurai', 3),
(210, 'Mahbubnagar', 3),
(211, 'Maheshtala', 3),
(212, 'Malda', 3),
(213, 'Malegaon', 3),
(214, 'Mangalore', 3),
(215, 'Mango', 3),
(216, 'Mathura', 3),
(217, 'Mau', 3),
(218, 'Medininagar', 3),
(219, 'Meerut', 3),
(220, 'Mehsana', 3),
(221, 'Mira-Bhayandar', 3),
(222, 'Miryalaguda', 3),
(223, 'Mirzapur', 3),
(224, 'Moradabad', 3),
(225, 'Morbi', 3),
(226, 'Morena', 3),
(227, 'Motihari', 3),
(228, 'Mumbai', 3),
(229, 'Mumbai', 3),
(230, 'Munger', 3),
(231, 'Muzaffarnagar', 3),
(232, 'Muzaffarnagar', 3),
(233, 'Muzaffarpur', 3),
(234, 'Mysore', 3),
(235, 'Nadiad', 3),
(236, 'Nagaon', 3),
(237, 'Nagercoil', 3),
(238, 'Nagpur', 3),
(239, 'Naihati', 3),
(240, 'Nanded', 3),
(241, 'Nandyal', 3),
(242, 'Nangloi Jat', 3),
(243, 'Narasaraopet', 3),
(244, 'Nashik', 3),
(245, 'Navi Mumbai', 3),
(246, 'Nellore', 3),
(247, 'New Delhi', 3),
(248, 'Nizamabad', 3),
(249, 'Noida', 3),
(250, 'North Dumdum', 3),
(251, 'Ongole', 3),
(252, 'Orai', 3),
(253, 'Ozhukarai', 3),
(254, 'Pali', 3),
(255, 'Pali', 3),
(256, 'Pallavaram', 3),
(257, 'Panchkula', 3),
(258, 'Panihati', 3),
(259, 'Panipat', 3),
(260, 'Panvel', 3),
(261, 'Parbhani', 3),
(262, 'Patiala', 3),
(263, 'Patna', 3),
(264, 'Phagwara', 3),
(265, 'Phusro', 3),
(266, 'Pimpri-Chinchwad', 3),
(267, 'Pondicherry', 3),
(268, 'Proddatur', 3),
(269, 'Pudukkottai', 3),
(270, 'Pune', 3),
(271, 'Purnia', 3),
(272, 'Raebareli', 3),
(273, 'Raichur', 3),
(274, 'Raiganj', 3),
(275, 'Raipur', 3),
(276, 'Rajahmundry', 3),
(277, 'Rajkot', 3),
(278, 'Rajpur Sonarpur', 3),
(279, 'Ramagundam', 3),
(280, 'Ramgarh', 3),
(281, 'Rampur', 3),
(282, 'Rampur', 3),
(283, 'Ranchi', 3),
(284, 'Ratlam', 3),
(285, 'Raurkela Industrial Township', 3),
(286, 'Rewa', 3),
(287, 'Rohtak', 3),
(288, 'Rourkela', 3),
(289, 'Sagar', 3),
(290, 'Saharanpur', 3),
(291, 'Saharsa', 3),
(292, 'Salem', 3),
(293, 'Sambalpur', 3),
(294, 'Sambhal', 3),
(295, 'Sangli-Miraj & Kupwad', 3),
(296, 'Sasaram', 3),
(297, 'Satara', 3),
(298, 'Satna', 3),
(299, 'Secunderabad', 3),
(300, 'Serampore', 3),
(301, 'Shahjahanpur', 3),
(302, 'Shimla', 3),
(303, 'Shimoga', 3),
(304, 'Shivpuri', 3),
(305, 'Sikar', 3),
(306, 'Silchar', 3),
(307, 'Siliguri', 3),
(308, 'Singrauli', 3),
(309, 'Sirsa', 3),
(310, 'Siwan', 3),
(311, 'Solapur', 3),
(312, 'Sonipat', 3),
(313, 'South Dumdum', 3),
(314, 'Sri Ganganagar', 3),
(315, 'Srikakulam', 3),
(316, 'Srinagar', 3),
(317, 'Sultan Pur Majra', 3),
(318, 'Surat', 3),
(319, 'Surendranagar Dudhrej', 3),
(320, 'Suryapet', 3),
(321, 'Tadepalligudem', 3),
(322, 'Tadipatri', 3),
(323, 'Tenali', 3),
(324, 'Tezpur', 3),
(325, 'Thane', 3),
(326, 'Thanjavur', 3),
(327, 'Thiruvananthapuram', 3),
(328, 'Thoothukudi', 3),
(329, 'Thrissur', 3),
(330, 'Tinsukia', 3),
(331, 'Tiruchirappalli', 3),
(332, 'Tirunelveli', 3),
(333, 'Tirupati', 3),
(334, 'Tiruppur', 3),
(335, 'Tiruvottiyur', 3),
(336, 'Tumkur', 3),
(337, 'Udaipur', 3),
(338, 'Udupi', 3),
(339, 'Ujjain', 3),
(340, 'Ulhasnagar', 3),
(341, 'Uluberia', 3),
(342, 'Unnao', 3),
(343, 'Vadodara', 3),
(344, 'Varanasi', 3),
(345, 'Vasai-Virar', 3),
(346, 'Vellore', 3),
(347, 'Vijayanagaram', 3),
(348, 'Vijayawada', 3),
(349, 'Visakhapatnam', 3),
(350, 'Warangal', 3),
(351, 'Yamunanagar', 3),
(352, 'Abbotsford', 2),
(458, 'Airdrie', 2),
(459, 'Ajax', 2),
(460, 'Aurora', 2),
(461, 'Barrie', 2),
(462, 'Belleville', 2),
(463, 'Belleville', 2),
(464, 'Brampton', 2),
(465, 'Brantford', 2),
(466, 'Brossard', 2),
(467, 'Burlington', 2),
(468, 'Burnaby', 2),
(469, 'Caledon', 2),
(470, 'Calgary', 2),
(471, 'Calgary', 2),
(472, 'Cambridge', 2),
(473, 'Cape Breton', 2),
(475, 'Chatham-Kent', 2),
(477, 'Clarington', 2),
(478, 'Coquitlam', 2),
(479, 'Delta', 2),
(480, 'Drummondville', 2),
(481, 'Drummondville', 2),
(482, 'Edmonton', 2),
(483, 'Fredericton', 2),
(484, 'Gatineau', 2),
(485, 'Grande Prairie', 2),
(486, 'Greater Sudbury', 2),
(487, 'Guelph', 2),
(488, 'Halifax', 2),
(489, 'Halifax', 2),
(490, 'Halton Hills', 2),
(491, 'Hamilton', 2),
(492, 'Kamloops', 2),
(493, 'Kawartha Lakes', 2),
(494, 'Kelowna', 2),
(495, 'Kingston', 2),
(496, 'Langley', 2),
(497, 'Laval', 2),
(498, 'Lethbridge', 2),
(499, 'London', 2),
(500, 'Longueuil', 2),
(501, 'Maple Ridge', 2),
(502, 'Markham', 2),
(503, 'Medicine Hat', 2),
(504, 'Milton', 2),
(505, 'Mirabel', 2),
(506, 'Mississauga', 2),
(507, 'Moncton', 2),
(508, 'Montreal', 2),
(509, 'Nanaimo', 2),
(510, 'New Westminster', 2),
(511, 'Newmarket', 2),
(512, 'Niagara Falls', 2),
(513, 'Norfolk County', 2),
(514, 'Norfolk County', 2),
(515, 'North Bay', 2),
(516, 'North Vancouver', 2),
(517, 'North Vancouver', 2),
(518, 'Oakville', 2),
(519, 'Oshawa', 2),
(520, 'Ottawa', 2),
(521, 'Peterborough', 2),
(522, 'Pickering', 2),
(523, 'Port Coquitlam', 2),
(524, 'Prince George', 2),
(525, 'Quebec City', 2),
(526, 'Quebec City', 2),
(527, 'Red Deer', 2),
(528, 'Regina', 2),
(529, 'Repentigny', 2),
(530, 'Richmond', 2),
(531, 'Richmond Hill', 2),
(532, 'Saanich', 2),
(533, 'Saguenay', 2),
(534, 'Saint John', 2),
(535, 'Saint-Hyacinthe', 2),
(536, 'Saint-Jerome', 2),
(537, 'Saint-Jean-sur-Richelieu', 2),
(538, 'Sarnia', 2),
(539, 'Saskatoon', 2),
(540, 'Sault Ste. Marie', 2),
(541, 'Sherbrooke', 2),
(542, 'St. Albert', 2),
(543, 'St. Catharines', 2),
(544, 'Saint John', 2),
(545, 'St. John', 2),
(546, 'Saint Albert', 2),
(547, 'Saint Catharines', 2),
(548, 'Strathcona County', 2),
(549, 'Surrey', 2),
(550, 'Terrebonne', 2),
(551, 'Thunder Bay', 2),
(552, 'Toronto', 2),
(553, 'Trois-Rivieres', 2),
(554, 'Vancouver', 2),
(555, 'Vaughan', 2),
(556, 'Victoria', 2),
(557, 'Waterloo', 2),
(558, 'Welland', 2),
(559, 'Whitby', 2),
(560, 'Windsor', 2),
(561, 'Winnipeg', 2),
(562, 'Wood Buffalo', 2),
(563, 'Airdrie', 2),
(564, 'Adoni', 3),
(565, 'Agartala', 3),
(566, 'Agra', 3),
(567, 'Blainville', 2),
(568, 'Chilliwack', 2),
(569, 'Chilliwack', 2),
(570, 'Ibri', 6),
(571, 'Al Buraymi', 6),
(572, 'Al Madrah Sama’il', 6),
(573, 'Ar Rustaq', 6),
(574, 'As Sib', 6),
(575, 'As Suwayhirah as Sahil', 6),
(576, 'Dawwah', 6),
(577, 'Hayma’', 6),
(578, 'Ibra’', 6),
(579, 'Khasab', 6),
(580, 'Mirbat', 6),
(581, 'Muscat', 6),
(582, 'Nizwa', 6),
(583, 'Salalah', 6),
(584, 'Suhar', 6),
(585, 'Sur', 6),
(586, 'Al Ahmadi', 7),
(587, 'Al Jahra’', 7),
(588, 'Kuwait City', 7),
(589, 'Al Khawr', 8),
(590, 'Al Wakrah', 8),
(591, 'Ar Rayyan', 8),
(592, 'Ash Shihaniyah', 8),
(593, 'Az Za‘ayin', 8),
(594, 'Doha', 8),
(595, 'Madinat ash Shamal', 8),
(596, 'Umm Salal ‘Ali', 8),
(597, 'Adelaide', 9),
(598, 'Adelaide River', 9),
(599, 'Albany', 9),
(600, 'Albury', 9),
(601, 'Alice Springs', 9),
(602, 'Alstonville', 9),
(603, 'Andamooka', 9),
(604, 'Andergrove', 9),
(605, 'Ararat', 9),
(606, 'Armidale', 9),
(607, 'Atherton', 9),
(608, 'Australind', 9),
(609, 'Ayr', 9),
(610, 'Bacchus Marsh', 9),
(611, 'Bairnsdale', 9),
(612, 'Ballarat', 9),
(613, 'Ballina', 9),
(614, 'Bannockburn', 9),
(615, 'Banora Point', 9),
(616, 'Barcaldine', 9),
(617, 'Bargara', 9),
(618, 'Barwon Heads', 9),
(619, 'Batemans Bay', 9),
(620, 'Bathurst', 9),
(621, 'Beaudesert', 9),
(622, 'Bedourie', 9),
(623, 'Beerwah', 9),
(624, 'Benalla', 9),
(625, 'Bendigo', 9),
(626, 'Bentley', 9),
(627, 'Berri', 9),
(628, 'Bicheno', 9),
(629, 'Biloela', 9),
(630, 'Birdsville', 9),
(631, 'Blaxland', 9),
(632, 'Bli Bli', 9),
(633, 'Bomaderry', 9),
(634, 'Bongaree', 9),
(635, 'Bordertown', 9),
(636, 'Boulia', 9),
(637, 'Bourke', 9),
(638, 'Bowen', 9),
(639, 'Bowral', 9),
(640, 'Brisbane', 9),
(641, 'Broken Hill', 9),
(642, 'Broome', 9),
(643, 'Bullsbrook', 9),
(644, 'Bunbury', 9),
(645, 'Bundaberg', 9),
(646, 'Burketown', 9),
(647, 'Burnie', 9),
(648, 'Burpengary', 9),
(649, 'Busselton', 9),
(650, 'Byron Bay', 9),
(651, 'Caboolture', 9),
(652, 'Cairns', 9),
(653, 'Caloundra', 9),
(654, 'Camooweal', 9),
(655, 'Campbelltown', 9),
(656, 'Canberra', 9),
(657, 'Cannington', 9),
(658, 'Cannonvale', 9),
(659, 'Carnarvon', 9),
(660, 'Casino', 9),
(661, 'Castlemaine', 9),
(662, 'Ceduna', 9),
(663, 'Central Coast', 9),
(664, 'Cessnock', 9),
(665, 'Charters Towers', 9),
(666, 'Chinchilla', 9),
(667, 'Clare', 9),
(668, 'Clifton Springs', 9),
(669, 'Cloncurry', 9),
(670, 'Cobram', 9),
(671, 'Coffs Harbour', 9),
(672, 'Colac', 9),
(673, 'Collie', 9),
(674, 'Concord', 9),
(675, 'Cooma', 9),
(676, 'Cooranbong', 9),
(677, 'Cootamundra', 9),
(678, 'Corinda', 9),
(679, 'Corowa', 9),
(680, 'Cowell', 9),
(681, 'Cowra', 9),
(682, 'Currumbin', 9),
(683, 'Dalby', 9),
(684, 'Dandenong', 9),
(685, 'Darley', 9),
(686, 'Darwin', 9),
(687, 'Deniliquin', 9),
(688, 'Devonport', 9),
(689, 'Dromana', 9),
(690, 'Drouin', 9),
(691, 'Dubbo', 9),
(692, 'Dunsborough', 9),
(693, 'East Ballina', 9),
(694, 'Echuca', 9),
(695, 'Eidsvold', 9),
(696, 'Emerald', 9),
(697, 'Emerald', 9),
(698, 'Emu Plains', 9),
(699, 'Esperance', 9),
(700, 'Exmouth', 9),
(701, 'Forbes', 9),
(702, 'Forster', 9),
(703, 'Frankston', 9),
(704, 'Fremantle', 9),
(705, 'Gatton', 9),
(706, 'Gawler', 9),
(707, 'Geelong', 9),
(708, 'Georgetown', 9),
(709, 'Geraldton', 9),
(710, 'Gingin', 9),
(711, 'Gisborne', 9),
(712, 'Gladstone', 9),
(713, 'Glen Innes', 9),
(714, 'Glenbrook', 9),
(715, 'Gold Coast', 9),
(716, 'Goondiwindi', 9),
(717, 'Goonellabah', 9),
(718, 'Gordonvale', 9),
(719, 'Goulburn', 9),
(720, 'Gracemere', 9),
(721, 'Grafton', 9),
(722, 'Granville', 9),
(723, 'Griffith', 9),
(724, 'Gunnedah', 9),
(725, 'Gympie', 9),
(726, 'Halls Creek', 9),
(727, 'Hamilton', 9),
(728, 'Healesville', 9),
(729, 'Helensburgh', 9),
(730, 'Hervey Bay', 9),
(731, 'Highfields', 9),
(732, 'Hobart', 9),
(733, 'Horsham', 9),
(734, 'Howard Springs', 9),
(735, 'Hughenden', 9),
(736, 'Ingham', 9),
(737, 'Innisfail', 9),
(738, 'Inverell', 9),
(739, 'Inverloch', 9),
(740, 'Ipswich', 9),
(741, 'Irymple', 9),
(742, 'Ivanhoe', 9),
(743, 'Jimboomba', 9),
(744, 'Kalbarri', 9),
(745, 'Kalgoorlie', 9),
(746, 'Kangaroo Flat', 9),
(747, 'Karratha', 9),
(748, 'Karumba', 9),
(749, 'Katanning', 9),
(750, 'Katherine', 9),
(751, 'Katoomba', 9),
(752, 'Kelso', 9),
(753, 'Kempsey', 9),
(754, 'Kiama', 9),
(755, 'Kiama Downs', 9),
(756, 'Kilmore', 9),
(757, 'Kimba', 9),
(758, 'Kingaroy', 9),
(759, 'Kingoonya', 9),
(760, 'Kingscliff', 9),
(761, 'Kingston', 9),
(762, 'Kingston South East', 9),
(763, 'Kununurra', 9),
(764, 'Kurri Kurri', 9),
(765, 'Kwinana', 9),
(766, 'Kyabram', 9),
(767, 'Kyneton', 9),
(768, 'Lara', 9),
(769, 'Launceston', 9),
(770, 'Laverton', 9),
(771, 'Leeton', 9),
(772, 'Lennox Head', 9),
(773, 'Leongatha', 9),
(774, 'Leonora', 9),
(775, 'Leopold', 9),
(776, 'Lesmurdie', 9),
(777, 'Lismore', 9),
(778, 'Lithgow', 9),
(779, 'Longreach', 9),
(780, 'Lysterfield', 9),
(781, 'Mackay', 9),
(782, 'Maffra', 9),
(783, 'Maitland', 9),
(784, 'Mandurah', 9),
(785, 'Manjimup', 9),
(786, 'Mareeba', 9),
(787, 'Margaret River', 9),
(788, 'Maryborough', 9),
(789, 'McMinns Lagoon', 9),
(790, 'Meekatharra', 9),
(791, 'Melbourne', 9),
(792, 'Melton', 9),
(793, 'Meningie', 9),
(794, 'Merimbula', 9),
(795, 'Merredin', 9),
(796, 'Merrimac', 9),
(797, 'Mildura', 9),
(798, 'Mittagong', 9),
(799, 'Moe', 9),
(800, 'Mooroopna', 9),
(801, 'Moranbah', 9),
(802, 'Morawa', 9),
(803, 'Moree', 9),
(804, 'Morwell', 9),
(805, 'Moss Vale', 9),
(806, 'Mount Barker', 9),
(807, 'Mount Cotton', 9),
(808, 'Mount Eliza', 9),
(809, 'Mount Evelyn', 9),
(810, 'Mount Gambier', 9),
(811, 'Mount Isa', 9),
(812, 'Mount Magnet', 9),
(813, 'Mudgee', 9),
(814, 'Murray Bridge', 9),
(815, 'Murwillumbah', 9),
(816, 'Muswellbrook', 9),
(817, 'Nambour', 9),
(818, 'Nambucca Heads', 9),
(819, 'Naracoorte', 9),
(820, 'Narangba', 9),
(821, 'Narrabri', 9),
(822, 'Narre Warren North', 9),
(823, 'Narrogin', 9),
(824, 'Nelson Bay', 9),
(825, 'Nerang', 9),
(826, 'New Norfolk', 9),
(827, 'Newcastle', 9),
(828, 'Newman', 9),
(829, 'Norseman', 9),
(830, 'North Mackay', 9),
(831, 'North Tamborine', 9),
(832, 'Northam', 9),
(833, 'Nowra', 9),
(834, 'Nuriootpa', 9),
(835, 'Oatlands', 9),
(836, 'Ocean Shores', 9),
(837, 'Onslow', 9),
(838, 'Orange', 9),
(839, 'Ouyen', 9),
(840, 'Pakenham', 9),
(841, 'Palmwoods', 9),
(842, 'Pannawonica', 9),
(843, 'Parkes', 9),
(844, 'Penola', 9),
(845, 'Penrith', 9),
(846, 'Perth', 9),
(847, 'Peterborough', 9),
(848, 'Pine Creek', 9),
(849, 'Point Vernon', 9),
(850, 'Port Augusta', 9),
(851, 'Port Denison', 9),
(852, 'Port Douglas', 9),
(853, 'Port Hedland', 9),
(854, 'Port Lincoln', 9),
(855, 'Port Macquarie', 9),
(856, 'Port Pirie', 9),
(857, 'Portland', 9),
(858, 'Pottsville', 9),
(859, 'Proserpine', 9),
(860, 'Quakers Hill', 9),
(861, 'Queanbeyan', 9),
(862, 'Queenstown', 9),
(863, 'Quilpie', 9),
(864, 'Ravensthorpe', 9),
(865, 'Raymond Terrace', 9),
(866, 'Red Cliffs', 9),
(867, 'Richmond', 9),
(868, 'Rochedale', 9),
(869, 'Rockhampton', 9),
(870, 'Roebourne', 9),
(871, 'Roma', 9),
(872, 'Rutherford', 9),
(873, 'Rye', 9),
(874, 'Sale', 9),
(875, 'Samford', 9),
(876, 'Sanctuary Point', 9),
(877, 'Sarina', 9),
(878, 'Scone', 9),
(879, 'Scottsdale', 9),
(880, 'Seymour', 9),
(881, 'Shepparton', 9),
(882, 'Singleton', 9),
(883, 'Smithfield Heights', 9),
(884, 'Smithton', 9),
(885, 'Somerville', 9),
(886, 'South Grafton', 9),
(887, 'Southern Cross', 9),
(888, 'Southport', 9),
(889, 'Springwood', 9),
(890, 'Stanthorpe', 9),
(891, 'Stawell', 9),
(892, 'Strathalbyn', 9),
(893, 'Streaky Bay', 9),
(894, 'Sunbury', 9),
(895, 'Swan Hill', 9),
(896, 'Sydney', 9),
(897, 'Tahmoor', 9),
(898, 'Tamworth', 9),
(899, 'Tannum Sands', 9),
(900, 'Taree', 9),
(901, 'Thargomindah', 9),
(902, 'Theodore', 9),
(903, 'Three Springs', 9),
(904, 'Tom Price', 9),
(905, 'Toowoomba', 9),
(906, 'Torquay', 9),
(907, 'Townsville', 9),
(908, 'Traralgon', 9),
(909, 'Tumby Bay ', 9),
(910, 'Tumut ', 9),
(911, 'Tuncurry ', 9),
(912, 'Tweed Heads ', 9),
(913, 'Ulladulla ', 9),
(914, 'Ulverstone ', 9),
(915, 'Urraween ', 9),
(916, 'Victor Harbor ', 9),
(917, 'Wagga Wagga ', 9),
(918, 'Wagin ', 9),
(919, 'Wallan ', 9),
(920, 'Wallaroo ', 9),
(921, 'Wangaratta ', 9),
(922, 'Warragul ', 9),
(923, 'Warrnambool ', 9),
(924, 'Warwick ', 9),
(925, 'Waterford ', 9),
(926, 'Wauchope', 9),
(927, 'Weipa', 9),
(928, 'Wentworth Falls', 9),
(929, 'Wentworthville', 9),
(930, 'West Tamworth', 9),
(931, 'Whittlesea', 9),
(932, 'Whyalla', 9),
(933, 'Wilcannia', 9),
(934, 'Windorah', 9),
(935, 'Wingham', 9),
(936, 'Winton', 9),
(937, 'Wodonga', 9),
(938, 'Wollert', 9),
(939, 'Wollongong', 9),
(940, 'Wonthaggi', 9),
(941, 'Woodend', 9),
(942, 'Woolgoolga', 9),
(943, 'Woomera', 9),
(944, 'Worragee', 9),
(945, 'Wyndham', 9),
(946, 'Wynyard', 9),
(947, 'Yamba', 9),
(948, 'Yanchep', 9),
(949, 'Yarrawonga', 9),
(950, 'Yass', 9),
(951, 'Yeppoon', 9),
(952, 'Young', 9),
(953, 'Yulara', 9),
(954, 'Abbots Langley', 10),
(955, 'Aberaman', 10),
(956, 'Aberbargoed', 10),
(957, 'Abercarn', 10),
(958, 'Abercynon', 10),
(959, 'Aberdare', 10),
(960, 'Aberdeen', 10),
(961, 'Abergavenny', 10),
(962, 'Abergele', 10),
(963, 'Abergele', 10),
(964, 'Abertawe', 10),
(965, 'Abertillery', 10),
(966, 'Aberystwyth', 10),
(967, 'Abingdon', 10),
(968, 'Abram', 10),
(969, 'Accrington', 10),
(970, 'Acomb', 10),
(971, 'Acton', 10),
(972, 'Addlestone', 10),
(973, 'Adel', 10),
(974, 'Adlington', 10),
(975, 'Adwick le Street', 10),
(976, 'Ainsdale', 10),
(977, 'Aintree', 10),
(978, 'Airdrie', 10),
(979, 'Alcester', 10),
(980, 'Aldenham', 10),
(981, 'Aldershot', 10),
(982, 'Aldridge', 10),
(983, 'Alexandria', 10),
(984, 'Alfreton', 10),
(985, 'Allestree', 10),
(986, 'Allington', 10),
(987, 'Alloa', 10),
(988, 'Almondbury', 10),
(989, 'Alness', 10),
(990, 'Alnwick', 10),
(991, 'Alsager', 10),
(992, 'Altofts', 10),
(993, 'Alton', 10),
(994, 'Altrincham', 10),
(995, 'Alvechurch', 10),
(996, 'Amble', 10),
(997, 'Amblecote', 10),
(998, 'Amersham', 10),
(999, 'Amesbury', 10),
(1000, 'Ammanford', 10),
(1001, 'Ampthill', 10),
(1002, 'Andover', 10),
(1003, 'Angmering', 10),
(1004, 'Annan', 10),
(1005, 'Anstey', 10),
(1006, 'Antrim', 10),
(1007, 'Appleton', 10),
(1008, 'Appley Bridge', 10),
(1009, 'Arbroath', 10),
(1010, 'Ardrossan', 10),
(1011, 'Arlesey', 10),
(1012, 'Armadale', 10),
(1013, 'Armthorpe', 10),
(1014, 'Arnold', 10),
(1015, 'Ascot', 10),
(1016, 'Ash Vale', 10),
(1017, 'Ashbourne', 10),
(1018, 'Ashby de la Zouch', 10),
(1019, 'Ashford', 10),
(1020, 'Ashington', 10),
(1021, 'Ashtead', 10),
(1022, 'Ashton', 10),
(1023, 'Ashton in Makerfield', 10),
(1024, 'Askern', 10),
(1025, 'Astley', 10),
(1026, 'Atherstone', 10),
(1027, 'Atherton', 10),
(1028, 'Audley', 10),
(1029, 'Aughton', 10),
(1030, 'Aveley', 10),
(1031, 'Axminster', 10),
(1032, 'Aylesbury', 10),
(1033, 'Aylesford', 10),
(1034, 'Aylestone', 10),
(1035, 'Aylsham', 10),
(1036, 'Ayr', 10),
(1037, 'Bacup', 10),
(1038, 'Bagshot', 10),
(1039, 'Baguley', 10),
(1040, 'Baildon', 10),
(1041, 'Balderton', 10),
(1042, 'Baldock', 10),
(1043, 'Balerno', 10),
(1044, 'Balham', 10),
(1046, 'Bamber Bridge', 10),
(1047, 'Banbridge', 10),
(1048, 'Banbury', 10),
(1049, 'Banchory', 10),
(1050, 'Bangor', 10),
(1051, 'Bannockburn', 10),
(1052, 'Banstead', 10),
(1053, 'Bargoed', 10),
(1054, 'Barking', 10),
(1055, 'Barnard Castle', 10),
(1056, 'Barnet', 10),
(1057, 'Barnoldswick', 10),
(1058, 'Barnsley', 10),
(1059, 'Barnstaple', 10),
(1060, 'Barrhead', 10),
(1061, 'Barri', 10),
(1062, 'Barrow in Furness', 10),
(1063, 'Barrow upon Soar', 10),
(1064, 'Barrowford', 10),
(1065, 'Barton on Sea', 10),
(1066, 'Barton upon Humber ', 10),
(1067, 'Barton upon Irwell ', 10),
(1068, 'Barwell', 10),
(1069, 'Basford', 10),
(1070, 'Basildon', 10),
(1071, 'Basing', 10),
(1072, 'Basingstoke', 10),
(1073, 'Bath', 10),
(1074, 'Bathgate', 10),
(1075, 'Batley', 10),
(1076, 'Battle', 10),
(1077, 'Baystonhill', 10),
(1078, 'Beaconsfield', 10),
(1079, 'Bearsted', 10),
(1080, 'Bebington', 10),
(1081, 'Beccles', 10),
(1082, 'Beckenham', 10),
(1083, 'Bedford', 10),
(1084, 'Bedlington', 10),
(1085, 'Bedwas', 10),
(1086, 'Bedworth', 10),
(1087, 'Beeston', 10),
(1088, 'Beith', 10),
(1089, 'Belfast', 10),
(1090, 'Belgrave', 10),
(1091, 'Bellshill', 10),
(1092, 'Belper', 10),
(1093, 'Berkhampstead', 10),
(1094, 'Bersted', 10),
(1095, 'Berwick-Upon-Tweed', 10),
(1096, 'Beverley', 10),
(1097, 'Bewdley', 10),
(1098, 'Bexhill', 10),
(1099, 'Bexleyheath', 10),
(1100, 'Bicester', 10),
(1101, 'Bickenhill', 10),
(1102, 'Bickley', 10),
(1103, 'Biddulph', 10),
(1104, 'Bideford', 10),
(1105, 'Bidford-on-Avon', 10),
(1106, 'Bidston', 10),
(1107, 'Biggleswade', 10),
(1108, 'Billericay', 10),
(1109, 'Billinge', 10),
(1110, 'Billingham', 10),
(1111, 'Billingshurst', 10),
(1112, 'Bilston', 10),
(1113, 'Bilton', 10),
(1114, 'Binfield', 10),
(1115, 'Bingham', 10),
(1116, 'Bingley', 10),
(1117, 'Birchington', 10),
(1118, 'Birkenhead', 10),
(1119, 'Birmingham', 10),
(1120, 'Birstall', 10),
(1121, 'Birtley', 10),
(1122, 'Bishop Auckland', 10),
(1123, 'Bishopbriggs', 10),
(1124, 'Bishops Cleeve', 10),
(1125, 'Bishops Stortford', 10),
(1126, 'Bishops Waltham', 10),
(1127, 'Bishopstoke', 10),
(1128, 'Bispham', 10),
(1129, 'Blaby', 10),
(1130, 'Blackburn', 10),
(1131, 'Blackrod', 10),
(1132, 'Blackwood', 10),
(1133, 'Blaenavon', 10),
(1134, 'Blandford Forum', 10),
(1135, 'Blaydon', 10),
(1136, 'Blean', 10),
(1137, 'Bletchley', 10),
(1138, 'Bloxwich', 10),
(1139, 'Blundellsands', 10),
(1140, 'Blunsdon Saint Andrew', 10),
(1141, 'Blyth', 10),
(1142, 'Blythebridge', 10),
(1143, 'Bo’ness', 10),
(1144, 'Bodmin', 10),
(1145, 'Bognor Regis', 10),
(1146, 'Bollington', 10),
(1147, 'Bolsover', 10),
(1148, 'Bolton', 10),
(1149, 'Bolton upon Dearne', 10),
(1150, 'Bonnybridge', 10),
(1151, 'Bonnyrigg', 10),
(1152, 'Bootle', 10),
(1153, 'Borehamwood', 10),
(1154, 'Boscombe', 10),
(1155, 'Boston', 10),
(1156, 'Bothwell', 10),
(1157, 'Botley', 10),
(1158, 'Bottesford', 10),
(1159, 'Boultham', 10),
(1160, 'Bourne', 10),
(1161, 'Bourne End', 10),
(1162, 'Bournemouth', 10),
(1163, 'Bournville', 10),
(1164, 'Bovingdon', 10),
(1165, 'Bowdon', 10),
(1166, 'Bowling', 10),
(1167, 'Boxley', 10),
(1168, 'Brackley', 10),
(1169, 'Bracknell', 10),
(1170, 'Bradford', 10),
(1171, 'Bradford-on-Avon', 10),
(1172, 'Bradwell', 10),
(1173, 'Braintree', 10),
(1174, 'Bramcote', 10),
(1175, 'Bramhall', 10),
(1176, 'Bramley', 10),
(1177, 'Brandon', 10),
(1178, 'Branston', 10),
(1179, 'Braunstone', 10),
(1180, 'Braunton', 10),
(1181, 'Brayton', 10),
(1182, 'Brechin', 10),
(1183, 'Brecon', 10),
(1184, 'Bredbury', 10),
(1185, 'Brentwood', 10),
(1186, 'Brewood', 10),
(1187, 'Bridge of Allan', 10),
(1188, 'Bridgnorth', 10),
(1189, 'Bridgwater', 10),
(1190, 'Bridlington', 10),
(1191, 'Bridport', 10),
(1192, 'Brierfield', 10),
(1193, 'Brierley Hill', 10),
(1194, 'Brigg', 10),
(1195, 'Brighouse', 10),
(1196, 'Brightlingsea', 10),
(1197, 'Brighton', 10),
(1198, 'Brimington', 10),
(1199, 'Brislington', 10),
(1200, 'Bristol', 10),
(1201, 'Briton Ferry', 10),
(1202, 'Brixham', 10),
(1203, 'Brixton', 10),
(1204, 'Brixworth', 10),
(1205, 'Broadstairs', 10),
(1206, 'Broadstone', 10),
(1207, 'Broadwater', 10),
(1208, 'Brockworth', 10),
(1209, 'Bromborough', 10),
(1210, 'Bromley', 10),
(1211, 'Bromsgrove', 10),
(1212, 'Brotton', 10),
(1213, 'Broughton', 10),
(1214, 'Broughton Astley', 10),
(1215, 'Broughton Ferry', 10),
(1216, 'Brownhills', 10),
(1217, 'Broxbourne', 10),
(1218, 'Broxburn', 10),
(1219, 'Bryn', 10),
(1220, 'Brynmawr', 10),
(1221, 'Buckhaven', 10),
(1222, 'Buckhurst Hill', 10),
(1223, 'Buckie', 10),
(1224, 'Buckingham', 10),
(1225, 'Buckley', 10),
(1226, 'Bucksburn', 10),
(1227, 'Bude', 10),
(1228, 'Budleigh Salterton', 10),
(1229, 'Bulkington', 10),
(1230, 'Bulwell', 10),
(1231, 'Bungay', 10),
(1232, 'Burbage', 10),
(1233, 'Burgess Hill', 10),
(1234, 'Burghfield', 10),
(1235, 'Burley in Wharfedale', 10),
(1236, 'Burnham-on-Sea', 10),
(1237, 'Burnley', 10),
(1238, 'Burntisland', 10),
(1239, 'Burntwood', 10),
(1240, 'Burscough', 10),
(1241, 'Bursledon', 10),
(1242, 'Burslem', 10),
(1243, 'Burton Latimer', 10),
(1244, 'Burton upon Trent', 10),
(1245, 'Burtonwood', 10),
(1246, 'Burwell', 10),
(1247, 'Bury', 10),
(1248, 'Bury Saint Edmunds', 10),
(1249, 'Bushey', 10),
(1250, 'Buxton', 10),
(1251, 'Byfleet', 10),
(1252, 'Caerdydd', 10),
(1253, 'Caerfyrddin', 10),
(1254, 'Caerleon', 10),
(1255, 'Caernarfon', 10),
(1256, 'Caerphilly', 10),
(1257, 'Caister-on-Sea', 10),
(1258, 'Caldicot', 10),
(1259, 'Callington', 10),
(1260, 'Calne', 10),
(1261, 'Calstock', 10),
(1262, 'Calverley', 10),
(1263, 'Calverton', 10),
(1264, 'Cam', 10),
(1265, 'Camberley', 10),
(1266, 'Camborne', 10),
(1267, 'Cambridge', 10),
(1268, 'Cambuslang', 10),
(1269, 'Canford Cliffs', 10),
(1270, 'Cannock', 10),
(1271, 'Canterbury', 10),
(1272, 'Carlisle', 10),
(1273, 'Carlton', 10),
(1274, 'Carlton Colville', 10),
(1275, 'Carluke', 10),
(1276, 'Carnforth', 10),
(1277, 'Carnoustie', 10),
(1278, 'Carshalton', 10),
(1279, 'Carterton', 10),
(1280, 'Castle Bromwich', 10),
(1281, 'Castle Donnington', 10),
(1282, 'Castleford', 10),
(1283, 'Castleton', 10),
(1284, 'Caterham', 10),
(1285, 'Catford', 10),
(1286, 'Caversham', 10),
(1287, 'Chaddesden', 10),
(1288, 'Chalfont Saint Giles', 10),
(1289, 'Chalfont Saint Peter', 10),
(1290, 'Chalford', 10),
(1291, 'Chandlers Ford', 10),
(1292, 'Chapel en le Frith', 10),
(1293, 'Chapelhall', 10),
(1294, 'Chapeltown', 10),
(1295, 'Chard', 10),
(1296, 'Charlton Kings', 10),
(1297, 'Chatham', 10),
(1298, 'Chatteris', 10),
(1299, 'Cheadle', 10),
(1300, 'Cheadle Hulme', 10),
(1301, 'Cheam', 10),
(1302, 'Cheddar', 10),
(1303, 'Cheddleton', 10),
(1304, 'Chelmsford', 10),
(1305, 'Chelsfield', 10),
(1306, 'Cheltenham', 10),
(1307, 'Chepstow', 10),
(1308, 'Cherry Hinton', 10),
(1309, 'Chertsey', 10),
(1310, 'Chesham', 10),
(1311, 'Cheshunt', 10),
(1312, 'Chester', 10),
(1331, 'Chester-le-Street', 10),
(1332, 'Chichester', 10),
(1333, 'Chickerell', 10),
(1334, 'Chigwell', 10),
(1335, 'Childwall', 10),
(1336, 'Chilwell', 10),
(1337, 'Chingford', 10),
(1338, 'Chinnor', 10),
(1339, 'Chippenham', 10),
(1340, 'Chipping Norton', 10),
(1341, 'Chipping Ongar', 10),
(1342, 'Chipping Sodbury', 10),
(1343, 'Chislehurst', 10),
(1344, 'Chobham', 10),
(1345, 'Choppington', 10),
(1346, 'Chorley', 10),
(1347, 'Chorleywood', 10),
(1348, 'Christchurch', 10),
(1349, 'Church', 10),
(1350, 'Church Gresley', 10),
(1351, 'Churchdown', 10),
(1352, 'Cinderford', 10),
(1353, 'Cirencester', 10),
(1354, 'Clacton-on-Sea', 10),
(1355, 'Clay Cross', 10),
(1356, 'Claygate', 10),
(1357, 'Clayton', 10),
(1358, 'Clayton le Moors', 10),
(1359, 'Cleator Moor', 10),
(1360, 'Cleckheaton', 10),
(1361, 'Cleethorpes', 10),
(1362, 'Clevedon', 10),
(1363, 'Clifton', 10),
(1364, 'Cliftonville', 10),
(1365, 'Clitheroe', 10),
(1366, 'Clowne', 10),
(1367, 'Clydach', 10),
(1368, 'Clydebank', 10),
(1369, 'Coatbridge', 10),
(1370, 'Cobham', 10),
(1371, 'Cockermouth', 10),
(1372, 'Codsall', 10),
(1373, 'Colchester', 10),
(1374, 'Coleford', 10),
(1375, 'Coleshill', 10),
(1376, 'Colnbrook', 10),
(1377, 'Colne', 10),
(1378, 'Colney Heath', 10),
(1379, 'Colwyn Bay', 10),
(1380, 'Congleton', 10),
(1381, 'Conisbrough', 10),
(1382, 'Connahs Quay', 10),
(1383, 'Consett', 10),
(1384, 'Conwy', 10),
(1385, 'Coppull', 10),
(1386, 'Corby', 10),
(1387, 'Corfe Mullen', 10),
(1388, 'Corsham', 10),
(1389, 'Coseley', 10),
(1390, 'Cosham', 10),
(1391, 'Costessey', 10),
(1392, 'Cotgrave', 10),
(1393, 'Cottenham', 10),
(1394, 'Cottingham', 10),
(1395, 'Coulsdon', 10),
(1396, 'Coundon', 10),
(1397, 'Countesthorpe', 10),
(1398, 'Cove', 10),
(1399, 'Coventry', 10),
(1400, 'Cowdenbeath', 10),
(1401, 'Cowes', 10),
(1402, 'Cowley', 10),
(1403, 'Coxhoe', 10),
(1404, 'Cramlington', 10),
(1405, 'Cramond', 10),
(1406, 'Cranbrook', 10),
(1407, 'Cranleigh', 10),
(1408, 'Crawley', 10),
(1409, 'Crayford', 10),
(1410, 'Crediton', 10),
(1411, 'Crewe', 10),
(1412, 'Crewkerne', 10),
(1413, 'Crieff', 10),
(1414, 'Crigglestone', 10),
(1415, 'Crofton', 10),
(1416, 'Cromer', 10),
(1417, 'Crosby', 10),
(1418, 'Cross Gates', 10),
(1419, 'Crowborough', 10),
(1420, 'Crowthorne', 10),
(1421, 'Croxley Green', 10),
(1422, 'Croydon', 10),
(1423, 'Crumlin', 10),
(1424, 'Cuddington', 10),
(1425, 'Cudworth', 10),
(1426, 'Culcheth', 10),
(1427, 'Cullercoats', 10),
(1428, 'Cullompton', 10),
(1429, 'Cumbernauld', 10),
(1430, 'Cumnock', 10),
(1431, 'Cumnor', 10),
(1432, 'Cupar', 10),
(1433, 'Currie', 10),
(1434, 'Cwmafan', 10),
(1435, 'Cwmbach', 10),
(1436, 'Cwmbran', 10),
(1437, 'Dagenham', 10),
(1438, 'Dalkeith', 10),
(1439, 'Dalry', 10),
(1440, 'Dalton in Furness', 10),
(1441, 'Danbury', 10),
(1442, 'Darfield', 10),
(1443, 'Darlaston', 10),
(1444, 'Darlington', 10),
(1445, 'Dartmouth', 10),
(1446, 'Darton', 10),
(1447, 'Darwen', 10),
(1448, 'Daventry', 10),
(1449, 'Davyhulme', 10),
(1450, 'Dawlish', 10),
(1451, 'Deal', 10),
(1452, 'Deeping Saint James', 10),
(1453, 'Denby Dale', 10),
(1454, 'Denham', 10),
(1455, 'Denny', 10),
(1456, 'Denton', 10),
(1457, 'Derby', 10),
(1458, 'Derry', 10),
(1459, 'Desborough', 10),
(1460, 'Devizes', 10),
(1461, 'Dewsbury', 10),
(1462, 'Deysbrook', 10),
(1463, 'Didcot', 10),
(1464, 'Dinas Powys', 10),
(1465, 'Dingle', 10),
(1466, 'Dingwall', 10),
(1467, 'Dinnington', 10),
(1468, 'Diss', 10),
(1469, 'Dodworth', 10),
(1470, 'Dollis Hill', 10),
(1471, 'Doncaster', 10),
(1472, 'Dorchester', 10),
(1473, 'Dore', 10),
(1474, 'Dorking', 10),
(1475, 'Dorridge', 10),
(1476, 'Dover', 10),
(1477, 'Dowlais', 10),
(1478, 'Downham Market', 10),
(1479, 'Downside', 10),
(1480, 'Drayton', 10),
(1481, 'Drighlington', 10),
(1482, 'Droitwich', 10),
(1483, 'Dronfield', 10),
(1484, 'Droylsden', 10),
(1485, 'Dudley', 10),
(1486, 'Duffield', 10),
(1487, 'Dukinfield', 10),
(1488, 'Dumbarton', 10),
(1489, 'Dumfries', 10),
(1490, 'Dunbar', 10),
(1491, 'Dunblane', 10),
(1492, 'Dundee', 10),
(1493, 'Dunfermline', 10),
(1494, 'Dunstable', 10),
(1495, 'Duntocher', 10),
(1496, 'Durham', 10),
(1497, 'Durrington', 10),
(1498, 'Dursley', 10),
(1499, 'Dyce', 10),
(1500, 'Ealing', 10),
(1501, 'Earlestown', 10),
(1502, 'Earley', 10),
(1503, 'Earls Barton', 10),
(1504, 'Earlswood', 10),
(1505, 'East Barnet', 10),
(1506, 'East Calder', 10),
(1507, 'East Cowes', 10),
(1508, 'East Dereham', 10),
(1509, 'East Finchley', 10),
(1510, 'East Grinstead', 10),
(1511, 'East Ham', 10),
(1512, 'East Kilbride', 10),
(1513, 'East Leake', 10),
(1514, 'East Preston', 10),
(1515, 'East Retford', 10),
(1516, 'Eastbourne', 10),
(1517, 'Eastham', 10),
(1518, 'Eastleigh', 10),
(1519, 'Eastwood', 10),
(1520, 'Eaton Socon', 10),
(1521, 'Ebbw Vale', 10),
(1522, 'Eccles', 10),
(1523, 'Ecclesall', 10),
(1524, 'Ecclesfield', 10),
(1525, 'Eccleston', 10),
(1526, 'Eckington', 10),
(1527, 'Edenbridge', 10),
(1528, 'Edgware', 10),
(1529, 'Edinburgh', 10),
(1530, 'Edmonton', 10),
(1531, 'Edwinstowe', 10),
(1532, 'Egg Buckland', 10),
(1533, 'Egham', 10),
(1534, 'Egremont', 10),
(1535, 'Elderslie', 10),
(1536, 'Elgin', 10),
(1537, 'Elland', 10),
(1538, 'Ellesmere Port', 10),
(1539, 'Ellon', 10),
(1540, 'Elstree', 10),
(1541, 'Eltham', 10),
(1542, 'Ely', 10),
(1543, 'Emsworth', 10),
(1544, 'Enderby', 10),
(1545, 'Enfield', 10),
(1546, 'Enfield Lock', 10),
(1547, 'Englefield Green', 10),
(1548, 'Epping', 10),
(1549, 'Epsom', 10),
(1550, 'Erdington', 10),
(1551, 'Erith', 10),
(1552, 'Esher', 10),
(1553, 'Eston', 10),
(1554, 'Euxton', 10),
(1555, 'Evesham', 10),
(1556, 'Evington', 10),
(1557, 'Ewell', 10),
(1558, 'Exeter', 10),
(1559, 'Exhall', 10),
(1560, 'Exmouth', 10),
(1561, 'Failsworth', 10),
(1562, 'Fakenham', 10),
(1563, 'Falkirk', 10),
(1564, 'Falmouth', 10),
(1565, 'Fareham', 10),
(1566, 'Faringdon', 10),
(1567, 'Farington', 10),
(1568, 'Farnborough', 10),
(1569, 'Farnham', 10),
(1570, 'Farnham Royal', 10),
(1571, 'Farnley', 10),
(1572, 'Farnworth', 10),
(1573, 'Faversham', 10),
(1574, 'Fazakerley', 10),
(1575, 'Featherstone', 10),
(1576, 'Felixstowe', 10),
(1577, 'Felling', 10),
(1578, 'Felpham', 10),
(1579, 'Feltham', 10),
(1580, 'Felton', 10),
(1581, 'Fenton', 10),
(1582, 'Fern Down', 10),
(1583, 'Ferryhill', 10),
(1584, 'Filey', 10),
(1585, 'Finchley', 10),
(1586, 'Fishguard', 10),
(1587, 'Fishtoft', 10),
(1588, 'Fleet', 10),
(1589, 'Fleetwood', 10),
(1590, 'Flint', 10),
(1591, 'Flitwick', 10),
(1592, 'Flixton', 10),
(1593, 'Folkestone', 10),
(1594, 'Fordingbridge', 10),
(1595, 'Forfar', 10),
(1596, 'Formby', 10),
(1597, 'Forres', 10),
(1598, 'Fort William', 10),
(1599, 'Frampton Cotterell', 10),
(1600, 'Fraserburgh', 10),
(1601, 'Freckleton', 10),
(1602, 'Freshwater', 10),
(1603, 'Friern Barnet', 10),
(1604, 'Frimley', 10),
(1605, 'Frodsham', 10),
(1606, 'Frome', 10),
(1607, 'Fulham', 10),
(1608, 'Fulwood', 10),
(1609, 'Fyfield', 10),
(1610, 'Gainsborough', 10),
(1611, 'Galashiels', 10),
(1612, 'Galleywood', 10),
(1613, 'Garforth', 10),
(1614, 'Garswood', 10),
(1615, 'Gateshead', 10),
(1616, 'Gedling', 10),
(1617, 'Giffnock', 10),
(1618, 'Gildersome', 10),
(1619, 'Gillingham', 10),
(1620, 'Glascote', 10),
(1621, 'Glasgow', 10),
(1622, 'Glastonbury', 10),
(1623, 'Glen Parva', 10),
(1624, 'Glenfield', 10),
(1625, 'Glenrothes', 10),
(1626, 'Glossop', 10),
(1627, 'Glyncorrwg', 10),
(1628, 'Godalming', 10),
(1629, 'Godmanchester', 10),
(1630, 'Godstone', 10),
(1631, 'Goffs Oak', 10),
(1632, 'Golborne', 10),
(1633, 'Golcar', 10),
(1634, 'Goodmayes', 10),
(1635, 'Goole', 10),
(1636, 'Gorebridge', 10),
(1637, 'Goring by Sea', 10),
(1638, 'Gorleston-on-Sea', 10),
(1639, 'Gornalwood', 10),
(1640, 'Gosforth', 10),
(1641, 'Gosport', 10),
(1642, 'Gourock', 10),
(1643, 'Govan', 10),
(1644, 'Gowerton', 10),
(1645, 'Grangemouth', 10),
(1646, 'Grangetown', 10),
(1647, 'Grantham', 10),
(1648, 'Gravesend', 10),
(1649, 'Grays', 10),
(1650, 'Great Baddow', 10),
(1651, 'Great Billing', 10),
(1652, 'Great Bookham', 10),
(1653, 'Great Burstead', 10),
(1654, 'Great Chart', 10),
(1655, 'Great Cornard', 10),
(1656, 'Great Driffield', 10),
(1657, 'Great Dunmow', 10),
(1658, 'Great Harwood', 10),
(1659, 'Great Linford', 10),
(1660, 'Great Meols', 10),
(1661, 'Great Missenden', 10),
(1662, 'Great Sankey', 10),
(1663, 'Great Wakering', 10),
(1664, 'Great Warley Street', 10),
(1665, 'Great Wyrley', 10),
(1666, 'Great Yarmouth', 10),
(1667, 'Greenford', 10),
(1668, 'Greenhill', 10),
(1669, 'Greenock', 10),
(1670, 'Greetland', 10),
(1671, 'Gresford', 10),
(1672, 'Griffithstown', 10),
(1673, 'Grimsby', 10),
(1674, 'Grove', 10),
(1675, 'Guildford', 10),
(1676, 'Guisborough', 10),
(1677, 'Guiseley', 10),
(1678, 'Hackney', 10),
(1679, 'Haddington', 10),
(1680, 'Hadfield', 10),
(1681, 'Hadleigh', 10),
(1682, 'Hadleigh', 10),
(1683, 'Hailsham', 10),
(1684, 'Halesowen', 10),
(1685, 'Halewood', 10),
(1686, 'Halifax', 10),
(1687, 'Halstead', 10),
(1688, 'Hamilton', 10),
(1689, 'Hampton', 10),
(1690, 'Hamworthy', 10),
(1691, 'Handforth', 10),
(1692, 'Handsworth', 10),
(1693, 'Hanwell', 10),
(1694, 'Harborne', 10),
(1695, 'Harefield', 10),
(1696, 'Harlescott', 10),
(1697, 'Harleston', 10),
(1698, 'Harlington', 10),
(1699, 'Harpenden', 10),
(1700, 'Harrogate', 10),
(1701, 'Harrow', 10),
(1702, 'Harrow on the Hill', 10),
(1703, 'Harrow Weald', 10),
(1704, 'Hartford', 10),
(1705, 'Hartlepool', 10),
(1706, 'Hartley', 10),
(1707, 'Harwich', 10),
(1708, 'Harworth', 10),
(1709, 'Haslemere', 10),
(1710, 'Haslingden', 10),
(1711, 'Hassocks', 10),
(1712, 'Hastings', 10),
(1713, 'Hatch End', 10),
(1714, 'Hatfield', 10),
(1715, 'Havant', 10),
(1716, 'Haverhill', 10),
(1717, 'Hawick', 10),
(1718, 'Hawkinge', 10),
(1719, 'Haworth', 10),
(1720, 'Haxby', 10),
(1721, 'Haydock', 10),
(1722, 'Hayes', 10),
(1723, 'Hayle', 10),
(1724, 'Haywards Heath', 10),
(1725, 'Hazel Grove', 10),
(1726, 'Headley', 10),
(1727, 'Heage', 10),
(1728, 'Heanor', 10),
(1729, 'Hebburn', 10),
(1730, 'Hebburn', 10),
(1731, 'Heckmondwike', 10),
(1732, 'Hednesford', 10),
(1733, 'Hedon', 10),
(1734, 'Helensburgh', 10),
(1735, 'Hellesdon', 10),
(1736, 'Helmshore', 10),
(1737, 'Helston', 10),
(1738, 'Hemel Hempstead', 10),
(1739, 'Hemsworth', 10),
(1740, 'Hendon', 10),
(1741, 'Henfield', 10),
(1742, 'Hengoed', 10),
(1743, 'Henley on Thames', 10),
(1744, 'Hereford', 10),
(1745, 'Herne', 10),
(1746, 'Herne Bay', 10),
(1747, 'Hersham', 10),
(1748, 'Hertford', 10),
(1749, 'Hessle', 10),
(1750, 'Heswall', 10),
(1751, 'Hethersett', 10),
(1752, 'Hetton le Hole', 10),
(1753, 'Hexham', 10),
(1754, 'Heybridge', 10),
(1755, 'Heysham', 10),
(1756, 'Heywood', 10),
(1757, 'High Ackworth', 10),
(1758, 'High Blantyre', 10),
(1759, 'High Wycombe', 10),
(1760, 'Higham Ferrers', 10),
(1761, 'Highbridge', 10),
(1762, 'Highbury', 10),
(1763, 'Highgate', 10),
(1764, 'Highworth', 10),
(1765, 'Hilsea', 10),
(1766, 'Hinckley', 10),
(1767, 'Hindley', 10),
(1768, 'Hipperholme', 10),
(1769, 'Hitchin', 10),
(1770, 'Hockley', 10),
(1771, 'Hoddesdon', 10),
(1772, 'Holbeach', 10),
(1773, 'Holborn', 10),
(1774, 'Hollington', 10),
(1775, 'Hollinwood', 10),
(1776, 'Holmes Chapel', 10),
(1777, 'Holmfirth', 10),
(1778, 'Holyhead', 10),
(1779, 'Holytown', 10),
(1780, 'Holywell', 10),
(1781, 'Holywood', 10),
(1782, 'Honiton', 10),
(1783, 'Honley', 10),
(1784, 'Hook', 10),
(1785, 'Horbury', 10),
(1786, 'Horden', 10),
(1787, 'Hordle', 10),
(1788, 'Horley', 10),
(1789, 'Horncastle', 10),
(1790, 'Hornchurch', 10),
(1791, 'Horndean', 10),
(1792, 'Hornsea', 10),
(1793, 'Hornsey', 10),
(1794, 'Horsell', 10),
(1795, 'Horsforth', 10),
(1796, 'Horsham', 10),
(1797, 'Horwich', 10),
(1798, 'Houghton le Spring', 10),
(1799, 'Houghton Regis', 10),
(1800, 'Hounslow', 10),
(1801, 'Houston', 10),
(1802, 'Hove', 10),
(1803, 'Hoylake', 10),
(1804, 'Hoyland Nether', 10),
(1805, 'Hucclecote', 10),
(1806, 'Hucknall under Huthwaite', 10),
(1807, 'Huddersfield', 10),
(1808, 'Hughenden', 10),
(1809, 'Humberston', 10),
(1810, 'Hungerford', 10),
(1811, 'Hunters Quay', 10),
(1812, 'Huntingdon', 10),
(1813, 'Huyton', 10),
(1814, 'Hwlffordd', 10),
(1815, 'Hyde', 10),
(1816, 'Hythe', 10),
(1817, 'Ibstock', 10),
(1818, 'artists', 10),
(1819, 'Ickenham', 10),
(1820, 'Ifield', 10),
(1821, 'Ilford', 10),
(1822, 'Ilfracombe', 10),
(1823, 'Ilkeston', 10),
(1824, 'Ilkley', 10),
(1825, 'Illogan', 10),
(1826, 'Ilminster', 10),
(1827, 'Immingham', 10),
(1828, 'Ince-in-Makerfield', 10),
(1829, 'Inverness', 10),
(1830, 'Inverurie', 10),
(1831, 'Ipswich', 10),
(1832, 'Irlam', 10),
(1833, 'Irthlingborough', 10),
(1834, 'Irvine', 10),
(1835, 'Islington', 10),
(1836, 'Iver', 10),
(1837, 'Ivybridge', 10),
(1838, 'Jarrow', 10),
(1839, 'Johnstone', 10),
(1840, 'Kearsley', 10),
(1841, 'Keighley', 10),
(1842, 'Kelso', 10),
(1843, 'Kelty', 10),
(1844, 'Kempston', 10),
(1845, 'Kendal', 10),
(1846, 'Kenilworth', 10),
(1847, 'Kensington', 10),
(1848, 'Kenton', 10),
(1849, 'Keswick', 10),
(1850, 'Kettering', 10),
(1851, 'Kew Green', 10),
(1852, 'Keynsham', 10),
(1853, 'Kidbrooke', 10),
(1854, 'Kidderminster', 10),
(1855, 'Kidlington', 10),
(1856, 'Kidsgrove', 10),
(1857, 'Kilbirnie', 10),
(1858, 'Killamarsh', 10),
(1859, 'Killingworth', 10),
(1860, 'Kilmarnock', 10),
(1861, 'Kilsyth', 10),
(1862, 'Kilwinning', 10),
(1863, 'Kimberley', 10),
(1864, 'King’s Lynn', 10),
(1865, 'Kings Langley', 10),
(1866, 'Kings Norton', 10),
(1867, 'Kingsbridge', 10),
(1868, 'Kingsbury', 10),
(1869, 'Kingsnorth', 10),
(1870, 'Kingsteignton', 10),
(1871, 'Kingston upon Hull', 10),
(1872, 'Kingston upon Thames', 10),
(1873, 'Kingswinford', 10),
(1874, 'Kingswood', 10),
(1875, 'Kinmel', 10),
(1876, 'Kinross', 10),
(1877, 'Kinvere', 10),
(1878, 'Kippax', 10),
(1879, 'Kirk of Shotts', 10),
(1880, 'Kirkby', 10),
(1881, 'Kirkby in Ashfield', 10),
(1882, 'Kirkcaldy', 10),
(1883, 'Kirkham', 10),
(1884, 'Kirkintilloch', 10),
(1885, 'Kirkleatham', 10),
(1886, 'Kirkstall', 10),
(1887, 'Kirkwall', 10),
(1888, 'Kirriemuir', 10),
(1889, 'Kirton', 10),
(1890, 'Knaresborough', 10),
(1891, 'Knottingley', 10),
(1892, 'Knowle', 10),
(1893, 'Knowsley', 10),
(1894, 'Knutsford', 10),
(1895, 'Lambeth', 10),
(1896, 'Lanark', 10),
(1897, 'Lancaster', 10),
(1898, 'Lancing', 10),
(1899, 'Landore', 10),
(1900, 'Larbert', 10),
(1901, 'Largs', 10),
(1902, 'Larkhall', 10),
(1903, 'Latchford', 10),
(1904, 'Launceston', 10),
(1905, 'Lea Town', 10),
(1906, 'Leagrave', 10),
(1907, 'Leatherhead', 10),
(1908, 'Leavesden Green', 10),
(1909, 'Ledbury', 10),
(1910, 'Leeds', 10),
(1911, 'Leek', 10),
(1912, 'Leicester', 10),
(1913, 'Leigh', 10),
(1914, 'Leigh-on-Sea', 10),
(1915, 'Leighton Buzzard', 10),
(1916, 'Leiston', 10),
(1917, 'Leith', 10),
(1918, 'Lemington', 10),
(1919, 'Leominster', 10),
(1920, 'Lerwick', 10),
(1921, 'Letchworth', 10),
(1922, 'Leven', 10),
(1923, 'Lewes', 10),
(1924, 'Lexden', 10),
(1925, 'Leyland', 10),
(1926, 'Leyton', 10),
(1927, 'Lichfield', 10),
(1928, 'Lincoln', 10),
(1929, 'Lindfield', 10),
(1930, 'Linlithgow', 10),
(1931, 'Linslade', 10),
(1932, 'Liphook', 10),
(1933, 'Lisburn', 10),
(1934, 'Litherland', 10),
(1935, 'Little Hulton', 10),
(1936, 'Little Lever', 10),
(1937, 'Littleborough', 10),
(1938, 'Littlehampton', 10),
(1939, 'Littlemore', 10),
(1940, 'Littleover', 10),
(1941, 'Littleport', 10),
(1942, 'Liverpool', 10),
(1943, 'Liversedge', 10),
(1944, 'Livingston', 10),
(1945, 'Llandudno', 10),
(1946, 'Llandudno Junction', 10),
(1947, 'Llanelli', 10),
(1948, 'Llangefni', 10),
(1949, 'Llantrisant', 10),
(1950, 'Llantwit Fardre', 10),
(1951, 'Llantwit Major', 10),
(1952, 'Lochgelly', 10),
(1953, 'Loftus', 10),
(1954, 'London', 10),
(1955, 'London Colney', 10),
(1956, 'Long Ashton', 10),
(1957, 'Long Ditton', 10),
(1958, 'Long Eaton', 10),
(1959, 'Longbenton', 10),
(1960, 'Longbridge', 10),
(1961, 'Longridge', 10),
(1962, 'Longton', 10),
(1963, 'Looe', 10),
(1964, 'Lossiemouth', 10),
(1965, 'Loughborough', 10),
(1966, 'Loughton', 10),
(1967, 'Louth', 10),
(1968, 'Lowestoft', 10),
(1969, 'Lowton', 10),
(1970, 'Ludlow', 10),
(1971, 'Luton', 10),
(1972, 'Lydd', 10),
(1973, 'Lydiate', 10),
(1974, 'Lydney', 10),
(1975, 'Lye', 10),
(1976, 'Lymington', 10),
(1977, 'Lymm', 10),
(1978, 'Mablethorpe', 10),
(1979, 'Macclesfield', 10),
(1980, 'Mackworth', 10),
(1981, 'Madeley', 10),
(1982, 'Maesteg', 10),
(1983, 'Maghull', 10),
(1984, 'Magor', 10),
(1985, 'Maidenhead', 10),
(1986, 'Maidstone', 10),
(1987, 'Maldon', 10),
(1988, 'Malmesbury', 10),
(1989, 'Maltby', 10),
(1990, 'Malvern Link', 10),
(1991, 'Manchester', 10),
(1992, 'Mansfield', 10),
(1993, 'March', 10),
(1994, 'Marchwood', 10),
(1995, 'Margate', 10),
(1996, 'Market Deeping', 10),
(1997, 'Market Drayton', 10),
(1998, 'Market Harborough', 10),
(1999, 'Market Weighton', 10),
(2000, 'Markfield', 10),
(2001, 'Marlborough', 10),
(2002, 'Marlow', 10),
(2003, 'Marple', 10),
(2004, 'Marshfield', 10),
(2005, 'Martlesham', 10),
(2006, 'Marton', 10),
(2007, 'Maryport', 10),
(2008, 'Matlock', 10),
(2009, 'Measham', 10),
(2010, 'Melksham', 10),
(2011, 'Meltham', 10),
(2012, 'Melton Mowbray', 10),
(2013, 'Meopham', 10),
(2014, 'Merrow', 10),
(2015, 'Merstham', 10),
(2016, 'Merthyr Tudful', 10),
(2017, 'Methil', 10),
(2018, 'Mexborough', 10),
(2019, 'Mickleover', 10),
(2020, 'Middlesbrough', 10),
(2021, 'Middleton', 10),
(2022, 'Middleton-on-Sea', 10),
(2023, 'Middlewich', 10),
(2024, 'Midsomer Norton', 10),
(2025, 'Mildenhall', 10),
(2026, 'Milford Haven', 10),
(2027, 'Mill Hill', 10),
(2028, 'Millom', 10),
(2029, 'Milngavie', 10),
(2030, 'Milnrow', 10),
(2031, 'Milton', 10),
(2032, 'Milton Keynes', 10),
(2033, 'Minehead', 10),
(2034, 'Minster', 10),
(2035, 'Mirfield', 10),
(2036, 'Mitcham', 10),
(2037, 'Mold', 10),
(2038, 'Molesey', 10),
(2039, 'Monkseaton', 10),
(2040, 'Monmouth', 10),
(2041, 'Montrose', 10),
(2042, 'Morden', 10),
(2043, 'Morecambe', 10),
(2044, 'Moreton', 10),
(2045, 'Morley', 10),
(2046, 'Morpeth', 10),
(2047, 'Morriston', 10),
(2048, 'Mosbrough', 10),
(2049, 'Mossley', 10),
(2050, 'Moston', 10),
(2051, 'Motherwell', 10),
(2052, 'Mountain Ash', 10),
(2053, 'Mountsorrel', 10),
(2054, 'Murston', 10),
(2055, 'Musselburgh', 10),
(2056, 'Muxton', 10),
(2057, 'Nailsea', 10),
(2058, 'Nailsworth', 10),
(2059, 'Nairn', 10),
(2060, 'Nantwich', 10),
(2061, 'Narborough', 10),
(2062, 'Neath', 10),
(2063, 'Neilston', 10),
(2064, 'Nelson', 10),
(2065, 'Neston', 10),
(2066, 'Netherton', 10),
(2067, 'New Alresford', 10),
(2068, 'New Brighton', 10),
(2069, 'New Inn', 10),
(2070, 'New Mills', 10),
(2071, 'New Milton', 10),
(2072, 'New Romney', 10),
(2073, 'Newarthill', 10),
(2074, 'Newbiggin-by-the-Sea', 10),
(2075, 'Newbold', 10),
(2076, 'Newbridge', 10),
(2077, 'Newburn', 10),
(2078, 'Newbury', 10),
(2079, 'Newcastle', 10),
(2080, 'Newcastle under Lyme', 10),
(2081, 'Newent', 10),
(2082, 'Newhaven', 10),
(2083, 'Newmains', 10),
(2084, 'Newmarket', 10),
(2085, 'Newport', 10),
(2086, 'Newport Pagnell', 10),
(2087, 'Newport-On-Tay', 10),
(2088, 'Newquay', 10),
(2089, 'Newton Abbot', 10),
(2090, 'Newton Aycliffe', 10),
(2091, 'Newton Grange', 10),
(2092, 'Newton in Makerfield', 10),
(2093, 'Newton Mearns', 10),
(2094, 'Newtown', 10),
(2095, 'Normanton', 10),
(2096, 'North Berwick', 10),
(2097, 'North Hykeham', 10),
(2098, 'North Petherton', 10),
(2099, 'North Shields', 10),
(2100, 'North Tidworth', 10),
(2101, 'North Walsham', 10),
(2102, 'Northallerton', 10),
(2103, 'Northam', 10),
(2104, 'Northenden', 10),
(2105, 'Northfield', 10),
(2106, 'Northfleet', 10),
(2107, 'Northolt', 10),
(2108, 'Northwich', 10),
(2109, 'Northwood', 10),
(2110, 'Norton Canes', 10),
(2111, 'Norwich', 10),
(2112, 'Nottingham', 10),
(2113, 'Nuneaton', 10),
(2114, 'Nursling', 10),
(2115, 'Oadby', 10),
(2116, 'Oakengates', 10),
(2117, 'Oakham', 10),
(2118, 'Oakley', 10),
(2119, 'Oban', 10),
(2120, 'Okehampton', 10),
(2121, 'Old Colwyn', 10),
(2122, 'Oldbury', 10),
(2123, 'Oldham', 10),
(2124, 'Ollerton', 10),
(2125, 'Olney', 10),
(2126, 'Olton', 10),
(2127, 'Omagh', 10),
(2128, 'Ore', 10),
(2129, 'Ormesby', 10),
(2130, 'Ormskirk', 10),
(2131, 'Orsett', 10),
(2132, 'Oswaldtwistle', 10),
(2133, 'Oswestry', 10),
(2134, 'Otley', 10),
(2135, 'Oundle', 10),
(2136, 'Ovenden', 10),
(2137, 'Oxford', 10),
(2138, 'Oxted', 10),
(2139, 'Paddock Wood', 10),
(2140, 'Padiham', 10),
(2141, 'Pagham', 10),
(2142, 'Paignton', 10),
(2143, 'Paisley', 10),
(2144, 'Pakefield', 10),
(2145, 'Palmers Green', 10),
(2146, 'Pannal', 10),
(2147, 'Park Street', 10),
(2148, 'Parkstone', 10),
(2149, 'Partick', 10),
(2150, 'Partington', 10),
(2151, 'Patcham', 10),
(2152, 'Paulton', 10),
(2153, 'Peasedown Saint John', 10),
(2154, 'Peebles', 10),
(2155, 'Pelsall', 10),
(2156, 'Pemberton', 10),
(2157, 'Pembroke', 10),
(2158, 'Pembroke Dock', 10),
(2159, 'Pembury', 10),
(2160, 'Penarth', 10),
(2161, 'Pencoed', 10),
(2162, 'Pendlebury', 10),
(2163, 'Penicuik', 10),
(2164, 'Penistone', 10),
(2165, 'Penkridge', 10),
(2166, 'Penrith', 10),
(2167, 'Penryn', 10),
(2168, 'Penwortham', 10),
(2169, 'Pen-y-Bont ar Ogwr', 10),
(2170, 'Penzance', 10),
(2171, 'Perivale', 10),
(2172, 'Perranzabuloe', 10),
(2173, 'Perry Barr', 10),
(2174, 'Pershore', 10),
(2175, 'Peterborough', 10),
(2176, 'Peterculter', 10),
(2177, 'Peterhead', 10),
(2178, 'Peterlee', 10),
(2179, 'Pickering', 10),
(2180, 'Pinchbeck', 10),
(2181, 'Pinhoe', 10),
(2182, 'Pinner', 10),
(2183, 'Pinxton', 10),
(2184, 'Pitsea', 10),
(2185, 'Plumstead', 10),
(2186, 'Plymouth', 10),
(2187, 'Plympton', 10),
(2188, 'Plymstock', 10),
(2189, 'Pocklington', 10),
(2190, 'Polegate', 10),
(2191, 'Polesworth', 10),
(2192, 'Polmont', 10),
(2193, 'Pontardawe', 10),
(2194, 'Pontardulais', 10),
(2195, 'Pontefract', 10),
(2196, 'Ponteland', 10),
(2197, 'Pontypridd', 10),
(2198, 'Pont-y-pwl', 10),
(2199, 'Port Glasgow', 10),
(2200, 'Port Talbot', 10),
(2201, 'Portchester', 10),
(2202, 'Porth', 10),
(2203, 'Porthcawl', 10),
(2204, 'Portishead', 10),
(2205, 'Portlethen', 10),
(2206, 'Portsmouth', 10),
(2207, 'Potters Bar', 10),
(2208, 'Poulton le Fylde', 10),
(2209, 'Poynton', 10),
(2210, 'Preesall', 10),
(2211, 'Prescot', 10),
(2212, 'Prestatyn', 10),
(2213, 'Preston', 10),
(2214, 'Prestonpans', 10),
(2215, 'Prestwich', 10),
(2216, 'Prestwick', 10),
(2217, 'Princes Risborough', 10),
(2218, 'Prudhoe', 10),
(2219, 'Pudsey', 10),
(2220, 'Pyle', 10),
(2221, 'Pyrford', 10),
(2222, 'Quarrington', 10),
(2223, 'Quedgeley', 10),
(2224, 'Queensbury', 10),
(2225, 'Queensferry', 10),
(2226, 'Quorndon', 10),
(2227, 'Radcliffe', 10),
(2228, 'Radcliffe on Trent', 10),
(2229, 'Radlett', 10),
(2230, 'Radstock', 10),
(2231, 'Rainford', 10),
(2232, 'Rainham', 10),
(2233, 'Rainhill', 10),
(2234, 'Rainworth', 10),
(2235, 'Ramsbottom', 10),
(2236, 'Ramsey', 10),
(2237, 'Ramsgate', 10),
(2238, 'Raunds', 10),
(2239, 'Rawmarsh', 10),
(2240, 'Rawtenstall', 10),
(2241, 'Rayleigh', 10),
(2242, 'Raynes Park', 10),
(2243, 'Reading', 10),
(2244, 'Redbourn', 10),
(2245, 'Redcar', 10),
(2246, 'Reddish', 10),
(2247, 'Redditch', 10),
(2248, 'Redhill', 10),
(2249, 'Redruth', 10),
(2250, 'Reigate', 10),
(2251, 'Renfrew', 10),
(2252, 'Rhondda', 10),
(2253, 'Rhoose', 10),
(2254, 'Rhosllanerchrugog', 10),
(2255, 'Rhos-on-Sea', 10),
(2256, 'Rhuthun', 10),
(2257, 'Rhyl', 10),
(2258, 'Rhymney', 10),
(2259, 'Richmond', 10),
(2260, 'Rickmansworth', 10),
(2261, 'Ringwood', 10),
(2262, 'Ripley', 10),
(2263, 'Ripon', 10),
(2264, 'Ripponden', 10),
(2265, 'Risca', 10),
(2266, 'Rishton', 10),
(2267, 'Roby', 10),
(2268, 'Rochdale', 10),
(2269, 'Rochester', 10),
(2270, 'Rochford', 10),
(2271, 'Rock Ferry', 10),
(2272, 'Rogerstone', 10),
(2273, 'Romford', 10),
(2274, 'Romsey', 10),
(2275, 'Ross on Wye', 10),
(2276, 'Rossington', 10),
(2277, 'Rosyth', 10),
(2278, 'Rotherham', 10),
(2279, 'Rothwell', 10),
(2280, 'Rottingdean', 10),
(2281, 'Roundway', 10),
(2282, 'Rowlands Gill', 10),
(2283, 'Rowley Regis', 10),
(2284, 'Royal Tunbridge Wells', 10),
(2285, 'Royal Wootton Bassett', 10),
(2286, 'Royston', 10),
(2287, 'Royton', 10),
(2288, 'Ruddington', 10),
(2289, 'Rugby', 10),
(2290, 'Rugeley', 10),
(2291, 'Ruislip', 10),
(2292, 'Runcorn', 10),
(2293, 'Rushall', 10),
(2294, 'Rushden', 10),
(2295, 'Ruskington', 10),
(2296, 'Rutherglen', 10),
(2297, 'Ryde', 10),
(2298, 'Rye', 10),
(2299, 'Ryhope', 10),
(2300, 'Saffron Walden', 10),
(2301, 'Saint Agnes', 10),
(2302, 'Saint Albans', 10),
(2303, 'Saint Andrews', 10),
(2304, 'Saint Austell', 10),
(2305, 'Saint Blazey', 10),
(2306, 'Saint Budeaux', 10),
(2307, 'Saint Helens', 10),
(2308, 'Saint Ives', 10),
(2309, 'Saint Neots', 10),
(2310, 'Saint Peters', 10),
(2311, 'Sale', 10),
(2312, 'Salford', 10),
(2313, 'Salisbury', 10),
(2314, 'Saltash', 10),
(2315, 'Saltburn-by-the-Sea', 10),
(2316, 'Saltcoats', 10),
(2317, 'Sandbach', 10),
(2318, 'Sanderstead', 10),
(2319, 'Sandhurst', 10),
(2320, 'Sandiacre', 10),
(2321, 'Sandown', 10),
(2322, 'Sandridge', 10),
(2323, 'Sandy', 10),
(2324, 'Sandycroft', 10),
(2325, 'Sawbridgeworth', 10),
(2326, 'Sawley', 10),
(2327, 'Sawston', 10),
(2328, 'Sawtry', 10),
(2329, 'Scarborough', 10),
(2330, 'Scartho', 10),
(2331, 'Scunthorpe', 10),
(2332, 'Seacombe', 10),
(2333, 'Seacroft', 10),
(2334, 'Seaford', 10),
(2335, 'Seaham', 10),
(2336, 'Seasalter', 10),
(2337, 'Seaton', 10),
(2338, 'Seaton Carew', 10),
(2339, 'Sedgefield', 10),
(2340, 'Sedgley', 10),
(2341, 'Selby', 10),
(2342, 'Selkirk', 10),
(2343, 'Selsey', 10),
(2344, 'Selston', 10),
(2345, 'Sevenoaks', 10),
(2346, 'Shaftesbury', 10),
(2347, 'Shanklin', 10),
(2348, 'Sheerness', 10),
(2349, 'Sheffield', 10),
(2350, 'Sheldon', 10),
(2351, 'Shenfield', 10),
(2352, 'Shenley Brook End', 10),
(2353, 'Shenley Church End', 10),
(2354, 'Shenstone', 10),
(2355, 'Shepperton', 10),
(2356, 'Shepshed', 10),
(2357, 'Shepton Mallet', 10),
(2358, 'Sherborne', 10),
(2359, 'Sherburn in Elmet', 10),
(2360, 'Sheriff Hill', 10),
(2361, 'Sheringham', 10),
(2362, 'Shevington', 10),
(2363, 'Shifnal', 10),
(2364, 'Shildon', 10),
(2365, 'Shinfield', 10),
(2366, 'Shipley', 10),
(2367, 'Shipston on Stour', 10),
(2368, 'Shirebrook', 10),
(2369, 'Shirley', 10),
(2370, 'Shoeburyness', 10),
(2371, 'Shoreham-by-Sea', 10),
(2372, 'Shotley Bridge', 10),
(2373, 'Shrewsbury', 10),
(2374, 'Sidcup', 10),
(2375, 'Sidley', 10),
(2376, 'Sidmouth', 10),
(2377, 'Sileby', 10),
(2378, 'Silsden', 10),
(2379, 'Sittingbourne', 10),
(2380, 'Skegness', 10),
(2381, 'Skelmersdale', 10),
(2382, 'Skelton', 10),
(2383, 'Skewen', 10),
(2384, 'Shoeburyness', 10),
(2385, 'Shrewsbury', 10),
(2386, 'Sidcup', 10),
(2387, 'Sidmouth', 10),
(2388, 'Sileby', 10),
(2389, 'Silsden', 10),
(2390, 'Sittingbourne', 10),
(2391, 'Skegness', 10),
(2392, 'Skelmersdale', 10),
(2393, 'Skelton', 10),
(2394, 'Skewen', 10),
(2395, 'Skipton', 10),
(2396, 'Sleaford', 10),
(2397, 'Slough', 10),
(2398, 'Small Heath', 10),
(2399, 'Smethwick', 10),
(2400, 'Snaresbrook', 10),
(2401, 'Snodland', 10),
(2402, 'Soham', 10),
(2403, 'Solihull', 10),
(2404, 'Sollom', 10),
(2405, 'Sompting', 10),
(2406, 'South Elmsall', 10);
INSERT INTO `city` (`id`, `name`, `country_id`) VALUES
(2407, 'South Molton', 10),
(2408, 'South Normanton', 10),
(2409, 'South Ockendon', 10),
(2410, 'South Shields', 10),
(2411, 'Southall', 10),
(2412, 'Southam', 10),
(2413, 'Southampton', 10),
(2414, 'Southborough', 10),
(2415, 'Southbourne', 10),
(2416, 'Southend', 10),
(2417, 'Southgate', 10),
(2418, 'Southport', 10),
(2419, 'Southwater', 10),
(2420, 'Southwell', 10),
(2421, 'Southwick', 10),
(2422, 'Sowerby Bridge', 10),
(2423, 'Spalding', 10),
(2424, 'Spennymoor', 10),
(2425, 'Spitalfields', 10),
(2426, 'Spondon', 10),
(2427, 'Stafford', 10),
(2428, 'Staines-upon-Thames', 10),
(2429, 'Stainforth', 10),
(2430, 'Stainland', 10),
(2431, 'Stalybridge', 10),
(2432, 'Stamford', 10),
(2433, 'Standish', 10),
(2434, 'Stanford le Hope', 10),
(2435, 'Stanley', 10),
(2436, 'Stanmore', 10),
(2437, 'Stannington', 10),
(2438, 'Stansted Mountfitchet', 10),
(2439, 'Stanwell', 10),
(2440, 'Stapleford', 10),
(2441, 'Staplehurst', 10),
(2442, 'Staveley', 10),
(2443, 'Stepney', 10),
(2444, 'Stepps', 10),
(2445, 'Stevenston', 10),
(2446, 'Stewarton', 10),
(2447, 'Steyning', 10),
(2448, 'Stirling', 10),
(2449, 'Stockport', 10),
(2450, 'Stocksbridge', 10),
(2451, 'Stockton-on-Tees', 10),
(2452, 'Stoke Gifford', 10),
(2453, 'Stoke Mandeville', 10),
(2454, 'Stoke-on-Trent', 10),
(2455, 'Stone', 10),
(2456, 'Stonehaven', 10),
(2457, 'Stonehouse', 10),
(2458, 'Stonewood', 10),
(2459, 'Stony Stratford', 10),
(2460, 'Stopsley', 10),
(2461, 'Stornoway', 10),
(2462, 'Stotfold', 10),
(2463, 'Stourbridge', 10),
(2464, 'Stowmarket', 10),
(2465, 'Stranraer', 10),
(2466, 'Stratford', 10),
(2467, 'Stratford-upon-Avon', 10),
(2468, 'Strathaven', 10),
(2469, 'Stratton Saint Margaret', 10),
(2470, 'Streatham', 10),
(2471, 'Street', 10),
(2472, 'Streetly', 10),
(2473, 'Strensall', 10),
(2474, 'Stretford', 10),
(2475, 'Strood', 10),
(2476, 'Stroud', 10),
(2477, 'Studley', 10),
(2478, 'Sturry', 10),
(2479, 'Sudbury', 10),
(2480, 'Sunbury', 10),
(2481, 'Sunderland', 10),
(2482, 'Sundon', 10),
(2483, 'Sunninghill', 10),
(2484, 'Surbiton', 10),
(2485, 'Sutton', 10),
(2486, 'Sutton Coldfield', 10),
(2487, 'Sutton in Ashfield', 10),
(2488, 'Sutton  on Hull', 10),
(2489, 'Swadlincote', 10),
(2490, 'Swaffham', 10),
(2491, 'Swallownest', 10),
(2492, 'Swanage', 10),
(2493, 'Swanscombe', 10),
(2494, 'Swanwick', 10),
(2495, 'Swindon', 10),
(2496, 'Swinton', 10),
(2497, 'Swinton', 10),
(2498, 'Syston', 10),
(2499, 'Tadcaster', 10),
(2500, 'Tadley', 10),
(2501, 'Tadworth', 10),
(2502, 'Tanfield', 10),
(2503, 'Tarleton', 10),
(2504, 'Taunton', 10),
(2505, 'Tavistock', 10),
(2506, 'Teignmouth', 10),
(2507, 'Telford', 10),
(2508, 'Tenterden', 10),
(2509, 'Tetbury', 10),
(2510, 'Tettenhall', 10),
(2511, 'Tewkesbury', 10),
(2512, 'Thame', 10),
(2513, 'Thames Ditton', 10),
(2514, 'Thatcham', 10),
(2515, 'Thatto Heath', 10),
(2516, 'The Mumbles', 10),
(2517, 'Thetford', 10),
(2518, 'Thornaby on Tees', 10),
(2519, 'Thornbury', 10),
(2520, 'Thornhill', 10),
(2521, 'Thornton', 10),
(2522, 'Thornton Heath', 10),
(2523, 'Thorpe', 10),
(2524, 'Thorpe Saint Andrew', 10),
(2525, 'Thrapston', 10),
(2526, 'Thundersley', 10),
(2527, 'Thurso', 10),
(2528, 'Tickhill', 10),
(2529, 'Tidenham', 10),
(2530, 'Tilbury', 10),
(2531, 'Tilehurst', 10),
(2532, 'Tillicoultry', 10),
(2533, 'Timperley', 10),
(2534, 'Tipton', 10),
(2535, 'Tiptree', 10),
(2536, 'Titchfield', 10),
(2537, 'Tiverton', 10),
(2538, 'Todmorden', 10),
(2539, 'Tonbridge', 10),
(2540, 'Tonyrefail', 10),
(2541, 'Torpoint', 10),
(2542, 'Torquay', 10),
(2543, 'Torrisholme', 10),
(2544, 'Torton', 10),
(2545, 'Totnes', 10),
(2546, 'Toton', 10),
(2547, 'Tottenham', 10),
(2548, 'Totteridge', 10),
(2549, 'Tottington', 10),
(2550, 'Towcester', 10),
(2551, 'Tranent', 10),
(2552, 'Tredegar', 10),
(2553, 'Treforest', 10),
(2554, 'Treharris', 10),
(2555, 'Treherbert', 10),
(2556, 'Trentham', 10),
(2557, 'Treorchy', 10),
(2558, 'Tring', 10),
(2559, 'Troon', 10),
(2560, 'Trowbridge', 10),
(2561, 'Trumpington', 10),
(2562, 'Truro', 10),
(2563, 'Turriff', 10),
(2564, 'Twickenham', 10),
(2565, 'Tyldesley', 10),
(2566, 'Tynemouth', 10),
(2567, 'Uckfield', 10),
(2568, 'Uddingston', 10),
(2569, 'Ulverston', 10),
(2570, 'Upholland', 10),
(2571, 'Upminster', 10),
(2572, 'Upton', 10),
(2573, 'Urmston', 10),
(2574, 'Usworth', 10),
(2575, 'Utley', 10),
(2576, 'Uttoxeter', 10),
(2577, 'Uxbridge', 10),
(2578, 'Ventnor', 10),
(2579, 'Verwood', 10),
(2580, 'Waddington', 10),
(2581, 'Wadebridge', 10),
(2582, 'Wadsley', 10),
(2583, 'Wakefield', 10),
(2584, 'Walkden', 10),
(2585, 'Wallasey', 10),
(2586, 'Wallingford', 10),
(2587, 'Wallington', 10),
(2588, 'Wallsend', 10),
(2589, 'Walmer', 10),
(2590, 'Walsall', 10),
(2591, 'Walsall Wood', 10),
(2592, 'Waltham', 10),
(2593, 'Waltham Abbey', 10),
(2594, 'Waltham Cross', 10),
(2595, 'Walthamstow', 10),
(2596, 'Walton upon Thames', 10),
(2597, 'Wandsworth', 10),
(2598, 'Wanstead', 10),
(2599, 'Wantage', 10),
(2600, 'Wardle', 10),
(2601, 'Ware', 10),
(2602, 'Wareham', 10),
(2603, 'Warfield', 10),
(2604, 'Warlingham', 10),
(2605, 'Warminster', 10),
(2606, 'Warrington', 10),
(2607, 'Warsash', 10),
(2608, 'Warsop', 10),
(2609, 'Warwick', 10),
(2610, 'Washington', 10),
(2611, 'Waterbeach', 10),
(2612, 'Waterlooville', 10),
(2613, 'Watford', 10),
(2614, 'Wath upon Dearne', 10),
(2615, 'Watton', 10),
(2616, 'Wealdstone', 10),
(2617, 'Weaverham', 10),
(2618, 'Wednesfield', 10),
(2620, 'Wellesbourne Hastings', 10),
(2621, 'Welling', 10),
(2622, 'Wellingborough', 10),
(2623, 'Wellingborough', 10),
(2624, 'Wellington', 10),
(2625, 'Wells', 10),
(2626, 'Welshpool', 10),
(2627, 'Welwyn', 10),
(2628, 'Welwyn Garden City', 10),
(2629, 'Wem', 10),
(2630, 'Wembley', 10),
(2631, 'Wendover', 10),
(2632, 'West Auckland', 10),
(2633, 'West Boldon', 10),
(2634, 'West Bridgford', 10),
(2635, 'West Bromwich', 10),
(2636, 'West Byfleet', 10),
(2637, 'West Derby', 10),
(2638, 'West Drayton', 10),
(2640, 'West Ham', 10),
(2641, 'West Mersea', 10),
(2642, 'West Thurrock', 10),
(2643, 'West Wickham', 10),
(2644, 'Westbury', 10),
(2645, 'Westgate on Sea', 10),
(2646, 'Westhoughton', 10),
(2647, 'Weston', 10),
(2648, 'Weston-super-Mare', 10),
(2649, 'Wetherby', 10),
(2650, 'Weybridge', 10),
(2651, 'Weymouth', 10),
(2652, 'Whaley Bridge', 10),
(2653, 'Wheathampstead', 10),
(2654, 'Whetstone', 10),
(2655, 'Whickham', 10),
(2656, 'Whiston', 10),
(2657, 'Whitburn', 10),
(2658, 'Whitby', 10),
(2659, 'Whitchurch', 10),
(2660, 'Whitefield', 10),
(2661, 'Whitehaven', 10),
(2662, 'Whitley Bay', 10),
(2663, 'Whitnash', 10),
(2664, 'Whitstable', 10),
(2665, 'Whittlesey', 10),
(2666, 'Whitwick', 10),
(2667, 'Whitworth', 10),
(2668, 'Wibsey', 10),
(2669, 'Wick', 10),
(2670, 'Wickersley', 10),
(2671, 'Wickford', 10),
(2672, 'Widnes', 10),
(2673, 'Wigan', 10),
(2674, 'Wigston Magna', 10),
(2675, 'Wigton', 10),
(2676, 'Willenhall', 10),
(2677, 'Willerby', 10),
(2678, 'Willesborough', 10),
(2679, 'Wilmington', 10),
(2680, 'Wilmslow', 10),
(2681, 'Wilnecote', 10),
(2682, 'Wimbledon', 10),
(2683, 'Wimborne Minster', 10),
(2684, 'Wincanton', 10),
(2685, 'Winchester', 10),
(2686, 'Windermere', 10),
(2687, 'Windlesham', 10),
(2688, 'Windsor', 10),
(2689, 'Windsor', 10),
(2690, 'Winkfield', 10),
(2691, 'Winsford', 10),
(2692, 'Wirksworth', 10),
(2693, 'Wisbech', 10),
(2694, 'Wishaw', 10),
(2695, 'Wistaston', 10),
(2696, 'Witham', 10),
(2697, 'Withernsea', 10),
(2698, 'Witley', 10),
(2699, 'Witney', 10),
(2700, 'Wivenhoe', 10),
(2701, 'Woking', 10),
(2702, 'Wokingham', 10),
(2703, 'Wollaston', 10),
(2704, 'Wolverhampton', 10),
(2705, 'Wolverton', 10),
(2706, 'Wombourn', 10),
(2707, 'Wombwell', 10),
(2708, 'Wooburn', 10),
(2709, 'Wood Green', 10),
(2710, 'Woodbridge', 10),
(2711, 'Woodchurch', 10),
(2712, 'Woodhouse', 10),
(2713, 'Woodlesford', 10),
(2714, 'Woodley', 10),
(2715, 'Woodville', 10),
(2716, 'Wool', 10),
(2717, 'Woolton', 10),
(2718, 'Woolwich', 10),
(2719, 'Wootton', 10),
(2720, 'Worcester', 10),
(2721, 'Worcester Park', 10),
(2722, 'Wordsley', 10),
(2723, 'Workington', 10),
(2724, 'Worksop', 10),
(2725, 'Worplesdon', 10),
(2726, 'Worsborough', 10),
(2727, 'Worsley', 10),
(2728, 'Worth', 10),
(2729, 'Worthing', 10),
(2730, 'Wotton-under-Edge', 10),
(2731, 'Wrecsam', 10),
(2732, 'Writtle', 10),
(2733, 'Wroughton', 10),
(2734, 'Wyke', 10),
(2735, 'Wyke Regis', 10),
(2736, 'Wymondham', 10),
(2737, 'Wythenshawe', 10),
(2738, 'Yarm', 10),
(2739, 'Yate', 10),
(2740, 'Yatton', 10),
(2741, 'Yaxley', 10),
(2742, 'Yeadon', 10),
(2743, 'Yeovil', 10),
(2744, 'Yiewsley', 10),
(2745, 'York', 10),
(2746, 'Ystrad Mynach', 10),
(2747, 'Ystradgynlais', 10),
(2748, 'Goa', 3);

-- --------------------------------------------------------

--
-- Stand-in structure for view `clients_information`
-- (See below for the actual view)
--
CREATE TABLE `clients_information` (
`id` int(50)
,`firstName` varchar(255)
,`lastName` varchar(255)
,`email` varchar(255)
,`password` varchar(255)
,`categoryId` int(50)
,`cityId` int(50)
,`countryId` int(50)
,`phone` varchar(50)
,`dateOfBirth` varchar(155)
,`role` varchar(255)
,`description` text
,`linkedin` varchar(255)
,`whatsapp` varchar(50)
,`youtube` varchar(255)
,`facebook` varchar(255)
,`instagram` varchar(255)
,`website` varchar(255)
,`profilePicture` varchar(255)
,`coverPicture` varchar(255)
,`verifiedAt` timestamp
,`categoryTableId` int(11)
,`categoryName` varchar(155)
,`categoryParentId` int(50)
,`countryTableId` int(11)
,`countryName` varchar(155)
,`cityTableId` int(11)
,`cityName` varchar(155)
,`categoryParentName` varchar(155)
);

-- --------------------------------------------------------

--
-- Table structure for table `country`
--

CREATE TABLE `country` (
  `id` int(11) NOT NULL,
  `name` varchar(155) NOT NULL
) ENGINE=InnoDB DEFAULT CHARSET=utf8mb4;

--
-- Dumping data for table `country`
--

INSERT INTO `country` (`id`, `name`) VALUES
(9, 'Australia'),
(2, 'Canada'),
(3, 'India'),
(7, 'Kuwait'),
(6, 'Oman'),
(8, 'Qatar'),
(1, 'United Arab Emirates'),
(10, 'United Kingdom');

-- --------------------------------------------------------

--
-- Table structure for table `recommended`
--

CREATE TABLE `recommended` (
  `id` int(11) NOT NULL,
  `recommended_to` int(11) NOT NULL,
  `recommended_by` int(11) NOT NULL,
  `rating` int(5) NOT NULL,
  `review` text DEFAULT NULL
) ENGINE=MyISAM DEFAULT CHARSET=latin1;

--
-- Dumping data for table `recommended`
--

INSERT INTO `recommended` (`id`, `recommended_to`, `recommended_by`, `rating`, `review`) VALUES
(73, 61, 36, 5, 'Jerry is a superstar in making awesome personalized videos. Really creative guy.'),
(79, 34, 69, 3, 'A particular body of knowledge or tradition the lore of baseball heroes. 2 : something that is learned: a : traditional knowledge or belief tribal lore. b : knowledge gained through study or experience the lore of religious architecture.'),
(80, 72, 69, 5, 'Very above average work'),
(81, 69, 72, 5, 'Sincere, hardworking and a creative powerhouse. Would recommend Corinne for future artistic endeavours. '),
(83, 16, 72, 5, 'Johnson stays on the cutting edge. His visionary ideas, strong work-ethic and ability to turn those ideas into reality- makes him a cut above.  '),
(84, 13, 69, 5, 'Impressive. Very interesting work');

-- --------------------------------------------------------

--
-- Table structure for table `relevant_files`
--

CREATE TABLE `relevant_files` (
  `id` int(11) NOT NULL,
  `user_id` int(11) NOT NULL,
  `file_name` varchar(255) NOT NULL
) ENGINE=MyISAM DEFAULT CHARSET=latin1;

--
-- Dumping data for table `relevant_files`
--

INSERT INTO `relevant_files` (`id`, `user_id`, `file_name`) VALUES
(408, 34, '1610290272602Gloria Gallery Images (1).jpg'),
(409, 34, '1610290272603Gloria Gallery Images (2).jpg'),
(410, 34, '1610290272604Gloria.jpg'),
(411, 27, '1610290968238Preeti Gallery Images (2).jpg'),
(412, 27, '1610290968239Preeti Gallery Images (3).jpg'),
(413, 27, '1610290968239Preeti Gallery Images (4).jpg'),
(414, 27, '1610290968240Preeti Gallery Images (5).jpg'),
(415, 27, '1610290968240Preeti Gallery Images (6).jpg'),
(416, 27, '1610290968241Preeti Gallery Images (7).jpg'),
(417, 27, '1610290977073Preeti Gallery Images (2).jpg'),
(418, 27, '1610290977074Preeti Gallery Images (3).jpg'),
(419, 27, '1610290977074Preeti Gallery Images (4).jpg'),
(420, 27, '1610290977075Preeti Gallery Images (5).jpg'),
(421, 27, '1610290977075Preeti Gallery Images (6).jpg'),
(422, 27, '1610290977076Preeti Gallery Images (7).jpg'),
(423, 59, '1611493577097WhatsApp Image 2021-01-24 at 5.02.33 PM.jpeg'),
(424, 59, '1611493577101WhatsApp Image 2021-01-24 at 5.02.11 PM (1).jpeg'),
(425, 59, '1611493577102WhatsApp Image 2021-01-24 at 5.02.09 PM (1).jpeg'),
(426, 59, '1611493577105WhatsApp Image 2021-01-24 at 5.02.10 PM (1).jpeg'),
(427, 59, '1611493577105WhatsApp Image 2021-01-24 at 5.02.09 PM.jpeg'),
(428, 59, '1611493577109WhatsApp Image 2021-01-24 at 5.02.10 PM.jpeg'),
(431, 68, '1611734802236Yassir Arafat.jpg'),
(432, 68, '1611734802336Qween Rania.jpg'),
(433, 68, '1611734802515Obama - 15.jpg'),
(434, 68, '1611734802652AL Pacino.jpg'),
(435, 68, '1611734802715Omar Al Sawalhi.jpg'),
(438, 61, '16117364702264D234D3B-FA09-483F-90C5-DD51B5BDF885.jpeg'),
(437, 61, '16117362893909B1BA8B8-9DEE-45E2-91D3-BAFFAD742B26.jpeg'),
(440, 61, '161173649353855713BE0-1F6F-4432-BD23-DE7491D4E9A7.jpeg'),
(471, 80, '1611820594088Cover.png'),
(449, 61, '161173658927727E49038-D9E8-4970-B75D-6771A6744316.jpeg'),
(450, 61, '161173658928570AA6FC7-7764-4D25-88E2-D9FD6CADF73E.jpeg'),
(470, 68, '1611758105362Ahmad Mansour.jpg'),
(469, 68, '1611758063712Ilse.jpg'),
(468, 68, '1611758063683Lighter.jpg'),
(467, 68, '1611758063653Mohammad Moustafa.jpg'),
(455, 61, '161173667084831A32067-FB1D-4945-8144-4BB682EBA9F6.jpeg'),
(466, 68, '1611758063613Peeking Boy .jpg'),
(465, 68, '1611758009827Morgan Freeman.jpg'),
(464, 68, '1611758009801Viloin.jpg'),
(463, 68, '1611758009641Yassir Arafat (1).jpg'),
(462, 68, '1611758009587Zayed Bin Sultan.jpg'),
(461, 61, '16117367019282A3ED621-DA12-462E-AEC3-739D83C39F53.jpeg'),
(472, 33, '1612176669637IMG_2342_Facetune_08-01-2021-10-44-57.TIF'),
(473, 33, '1612176669848IMG_2348.HEIC'),
(474, 33, '1612176669918IMG_2420.heic'),
(475, 33, '1612176669937IMG_2421.heic'),
(476, 33, '1612176669951IMG_2730_Facetune_31-01-2021-09-58-04.TIF'),
(477, 33, '1612189762962IMG_2342_Facetune_08-01-2021-10-44-57.TIF'),
(478, 86, '1612210922456IMG_20200101_064605.jpg'),
(479, 86, '1612210922486IMG20190420003713.jpg'),
(480, 86, '1612210922505IMG20190420005851.jpg'),
(501, 19, '1612245058117WhatsApp Image 2021-02-01 at 8.32.49 PM.jpeg'),
(502, 19, '1612245058118WhatsApp Image 2021-02-01 at 8.35.11 PM.jpeg'),
(513, 34, '16125420998147.png'),
(510, 34, '161254200533614.png'),
(488, 86, '1612211013348IMG20190706001134.jpg'),
(489, 86, '1612211013363IMG20190823000709.jpg'),
(508, 34, '16125419591071.png'),
(535, 93, '1612871575134146442273_812278102835333_6409215527697623292_n.jpg'),
(495, 19, '1612244844561WhatsApp Image 2021-02-01 at 8.32.41 PM.jpeg'),
(497, 19, '1612244844563WhatsApp Image 2021-02-01 at 8.35.13 PM (1).jpeg'),
(498, 19, '1612244844564WhatsApp Image 2021-02-01 at 8.35.13 PM.jpeg'),
(534, 93, '161287157513384378224_558376341428549_2087976423214238862_n.jpg'),
(500, 19, '1612244844565WhatsApp Image 2021-02-01 at 8.32.47 PM.jpeg'),
(515, 34, '161254209990710.png'),
(516, 34, '161254209994711.png'),
(517, 34, '161254209999312.png'),
(518, 34, '161254210007413.png'),
(533, 93, '1612871575133147314946_444341740216439_7486456278792128437_n.jpg'),
(532, 93, '1612871575132145572126_937904453637390_8074002773379153962_n.jpg'),
(538, 93, '1612871988762135769575_109184947685219_2073494479010360255_n.jpg'),
(539, 93, '1612871988763135638567_121230423156480_5696595495000909558_n.jpg'),
(540, 93, '16128956068110BIJ08921.JPG'),
(541, 93, '16128957448310BIJ09400.JPG'),
(542, 93, '16128958024280BIJ09400.JPG'),
(543, 93, '16128958024930BIJ09793.JPG'),
(544, 93, '16128958025860BIJ09869.JPG'),
(545, 93, '16128958909100BIJ09993.JPG'),
(546, 93, '16128959635821BIJ00048.JPG'),
(547, 93, '16128959636801BIJ00162.JPG'),
(548, 93, '16128959637441BIJ01182.jpg'),
(549, 93, '16128961049101BIJ01196.jpg'),
(550, 93, '16128961049981BIJ01882.jpg'),
(551, 93, '16128961052641BIJ02141.jpg'),
(552, 93, '16128961053551BIJ02447.jpg'),
(553, 93, '16128962240581BIJ02476.jpg'),
(554, 93, '16128962241161BIJ02702.jpg'),
(555, 93, '16128962242002N7A4433.jpg'),
(556, 93, '16128962242152N7A4558.jpg'),
(557, 93, '16128962242192N7A4735.jpg'),
(558, 93, '16128963369402N7A5468.jpg'),
(559, 93, '16128963369622N7A7801.jpg'),
(560, 93, '1612896337069aBIJ07494.jpg'),
(561, 93, '1612896337083aBIJ08524.jpg'),
(562, 93, '1612896337184ARU00248.jpg'),
(563, 93, '1612896337307ARU00615.jpg'),
(564, 93, '1612896545863ARU02071.JPG'),
(565, 93, '1612896545933ARU02107.JPG'),
(566, 93, '1612896546028ARU04669.JPG'),
(567, 93, '1612896546091ARU04719.JPG'),
(568, 93, '1612896546183ARU07524.JPG'),
(569, 93, '1612896546283ARU07633.jpg'),
(570, 93, '1612896667956ARU07961.jpg'),
(571, 93, '1612896668046ARU07970.JPG'),
(572, 93, '1612896668115ARU07975.JPG'),
(573, 93, '1612896668169ARU09335.JPG'),
(574, 93, '1612896668238ARU09959.jpg'),
(575, 93, '1612896828791BIJ01408.JPG'),
(576, 93, '1612896828875BIJ01431.jpg'),
(577, 93, '1612896828898BIJ02310.jpg'),
(578, 93, '1612896828991BIJ02371.jpg'),
(579, 93, '1612896829114BIJ02447.jpg'),
(580, 93, '1612897001775BIJ02882.JPG'),
(581, 93, '1612897001864BIJ02932.JPG'),
(582, 93, '1612897001974BIJ03200.jpg'),
(583, 93, '1612897002040BIJ03328.jpg'),
(584, 93, '1612897002136BIJ03341.jpg'),
(585, 93, '1612897002221BIJ03344.jpg'),
(586, 93, '1612897203358BIJ03824.jpg'),
(587, 93, '1612897203422BIJ03889.jpg'),
(588, 93, '1612897203502BIJ04000.JPG'),
(589, 93, '1612897203584BIJ04458.jpg'),
(590, 93, '1612897203667BIJ04498.jpg'),
(591, 93, '1612897203708BIJ04614.jpg'),
(592, 93, '1612897344523BIJ04786.JPG'),
(593, 93, '1612897344580BIJ04830.JPG'),
(594, 93, '1612897344638BIJ04873.JPG'),
(595, 93, '1612897344731BIJ04905.JPG'),
(596, 93, '1612897344808BIJ04985.JPG'),
(597, 93, '1612897344903BIJ04990.JPG'),
(598, 93, '1612897651936BIJ05039.jpg'),
(599, 93, '1612897651986BIJ05092.JPG'),
(600, 93, '1612897652073BIJ05269.JPG'),
(601, 93, '1612897652127BIJ05448.JPG'),
(602, 93, '1612897652214BIJ05539.jpg'),
(603, 93, '1612897652248BIJ05651.JPG'),
(604, 93, '1612897779718BIJ06039.JPG'),
(605, 93, '1612897779756BIJ06124.JPG'),
(606, 93, '1612897779806BIJ06207.jpg'),
(607, 93, '1612897779838BIJ06424.jpg'),
(608, 93, '1612897779993BIJ06644.JPG'),
(609, 93, '1612897780030BIJ07098.JPG'),
(610, 93, '1612897925765BIJ07098.JPG'),
(611, 93, '1612897925806BIJ07138.JPG'),
(612, 93, '1612897925891BIJ07164.JPG'),
(613, 93, '1612897926009BIJ07200.JPG'),
(614, 93, '1612897926205BIJ07342.JPG'),
(615, 93, '1612897926469BIJ07600.JPG'),
(616, 93, '1612898100001DSC00011.JPG'),
(617, 93, '1612898100019DSC00015.JPG'),
(618, 93, '1612898100035DSC00271.jpg'),
(619, 93, '1612898100117DSC00322.jpg'),
(620, 93, '1612898100206DSC06645.JPG'),
(621, 93, '1612898100333DSC06946.JPG'),
(622, 93, '1612898100554DSC00011.JPG'),
(623, 93, '1612898100588DSC00015.JPG'),
(624, 93, '1612898100606DSC00271.jpg'),
(625, 93, '1612898100688DSC00322.jpg'),
(626, 93, '1612898100786DSC06645.JPG'),
(627, 93, '1612898100829DSC06946.JPG'),
(628, 93, '1612898171049DSC00011.JPG'),
(629, 93, '1612898171070DSC00015.JPG'),
(630, 93, '1612898171092DSC00271.jpg'),
(631, 93, '1612898171175DSC00322.jpg'),
(632, 93, '1612898171275DSC06645.JPG'),
(633, 93, '1612898171322DSC06946.JPG'),
(634, 93, '1612898252179DSC07009.JPG'),
(635, 93, '1612898252237DSC09217.jpg'),
(636, 93, '1612898252325DSC09911.jpg');

-- --------------------------------------------------------

--
-- Table structure for table `subscribe`
--

CREATE TABLE `subscribe` (
  `id` int(11) NOT NULL,
  `email` varchar(155) DEFAULT NULL
) ENGINE=InnoDB DEFAULT CHARSET=utf8mb4;

--
-- Dumping data for table `subscribe`
--

INSERT INTO `subscribe` (`id`, `email`) VALUES
(5, 'RynaFurtado@yahoo.com'),
(6, 'jerryk1976@gmail.com'),
(7, 'jerryk1976@gmail.com'),
(8, 'ommehta@gmail.com'),
(9, 'johnnair999@gmail.com'),
(10, 'dhimbueno@yahoo.com'),
(11, 'dhimbueno@yahoo.com'),
(12, 'dhimbueno@yahoo.com'),
(13, 'businesswld927@gmail.com'),
(14, 'veenapradeep92@gmail.com'),
(15, 'jct.777@gmail.com'),
(16, 'info@businesschallenges.net'),
(17, 'barunpaul2006@gmail.com'),
(18, 'senabhiparnasree@gmail.com'),
(19, 'senabhiparnasree@gmail.com'),
(20, 'monicatalks9@gmail.com'),
(21, 'rahul.chiplunkar1505@gmail.com');

-- --------------------------------------------------------

--
-- Table structure for table `users`
--

CREATE TABLE `users` (
  `id` int(50) NOT NULL,
  `firstName` varchar(255) NOT NULL,
  `lastName` varchar(255) NOT NULL,
  `email` varchar(255) NOT NULL,
  `password` varchar(255) DEFAULT NULL,
  `categoryId` int(50) DEFAULT NULL,
  `cityId` int(50) DEFAULT NULL,
  `countryId` int(50) DEFAULT NULL,
  `phone` varchar(50) DEFAULT NULL,
  `dateOfBirth` varchar(155) DEFAULT NULL,
  `role` varchar(255) DEFAULT NULL,
  `description` text DEFAULT NULL,
  `linkedin` varchar(255) DEFAULT NULL,
  `whatsapp` varchar(50) DEFAULT NULL,
  `youtube` varchar(255) DEFAULT NULL,
  `facebook` varchar(255) DEFAULT NULL,
  `instagram` varchar(255) DEFAULT NULL,
  `website` varchar(255) DEFAULT NULL,
  `profilePicture` varchar(255) DEFAULT NULL,
  `coverPicture` varchar(255) DEFAULT NULL,
  `verifiedAt` timestamp NULL DEFAULT NULL
) ENGINE=InnoDB DEFAULT CHARSET=utf8mb4;

--
-- Dumping data for table `users`
--

INSERT INTO `users` (`id`, `firstName`, `lastName`, `email`, `password`, `categoryId`, `cityId`, `countryId`, `phone`, `dateOfBirth`, `role`, `description`, `linkedin`, `whatsapp`, `youtube`, `facebook`, `instagram`, `website`, `profilePicture`, `coverPicture`, `verifiedAt`) VALUES
(9, 'KR', 'NAYYAR', 'kricketreporter@yahoo.com', '$2a$10$3jDBfp3JLqarIt12LEOFseJcXutDvaGk76lDcQTmTOwWKnGZmG8c6', 245, 2, 1, '+971506507906', '0000-00-00', 'artist_and_client', 'Reported seven Cricket World Cups (50 overs), four Twenty 20 World Cups, five Champions Trophy and over 200 One-dayers from Sharjah alone ....', NULL, '+971506507906', '', NULL, NULL, NULL, '1611154194710kr nayar.jpg', '1610093002687CoverImage.jpg', NULL),
(10, 'Vellu', 'Marrian', 'vellumarrian@gmail.com', '$2a$10$4Tw5XWvcCTqochrHyfq8tOZzywORTL3bWggu9yONoG0K7P2ZRIN8K', 287, 2, 1, '+96894101262', '1963-01-08', 'artist-and-client', 'I am an industry expert in HVAC and fabrication', NULL, '+96894101262', 'https://www.youtube.com/watch?v=NpEaa2P7qZI', NULL, NULL, NULL, '1610094899814vellu marian.jpg', '1610094899825CoverImage.jpg', NULL),
(11, 'Amol', 'Deshmukh', 'amol.deshmukh7009@gmail.com', '$2a$10$wLaIVrBTA5TTDFzxEGDV3OxAobMo9vKWx4fkYNC6LXLElXfynm/8m', 304, 2, 1, '+971509291895', '1982-10-07', 'artist-and-client', 'Who should connect with me:\n- If you are banking with any bank - I may have some TIPS for you\n- If you are looking to elevate your bottom line revenue\n- If you are looking to tranform your current status quo\n- If you are looking to jumpstart your E-Sat or C-Sat scores.\n', 'https://www.linkedin.com/in/amol-deshmukh-7a88b9a/', '+971509291895', 'https://www.youtube.com/watch?v=NpEaa2P7qZI', 'https://www.facebook.com/amol.deshmukh1', 'https://www.instagram.com/amoldeshmukh7009', NULL, '1611479416945UpdateProfileImage.png', '1611479641639UpdateCoverImage.png', NULL),
(12, 'Dharamraj', 'Singh', 'ddrajsingh70@gmail.com', '$2a$10$8QXK1Ym8VDlQDA20qfXN3.IhLwoLP9AbUlJQoZ2yXNA3MFHYlpjdO', 323, 228, 3, '+919987160753', '1992-01-08', 'artist-and-client', 'I file returns for major corporates and individuals and advice on tax filling', NULL, '+919987160753', 'https://www.youtube.com/watch?v=NpEaa2P7qZI', NULL, 'https://www.instagram.com/Rajsing10677189', NULL, '1610095407246dharamraj.jpg', '1610095407248CoverImage.jpg', NULL),
(13, 'Rafees', 'Rahmathulla', 'rafeesr@gmail.com', '$2a$10$qpdoASDbUrj2USmKC37LwOtZjsqMeplrvrtf7D121iRC6xDJfTJIS', 297, 2, 1, '+9710502155704', '1991-01-08', 'artist-and-client', 'I head the Coworking team at bisdesk.com', NULL, '+9710555555555', 'https://youtu.be/bM_DmJcHJqc', NULL, NULL, 'www.bisdesk.com', '1611154333952rafees.jpg', '1610095663788CoverImage.jpg', NULL),
(14, 'Zeeshan', 'Razzaqi', 'zrazzaqi@hotmail.com', '$2a$10$Cx7NoR/ezPVztIUoYtXjN.R8Yibgkv9pxPzQWVlrTp9bwuhcoFXUm', 297, 2, 1, '+971523310006', '1981-01-08', 'artist-and-client', 'I specialize in CoWorking solutions', 'https://www.linkedin.com/in/zeeshanrazzaqi/', '+971523310006', 'https://www.youtube.com/watch?v=NpEaa2P7qZI', NULL, 'https://www.instagram.com/the.classy.dame', NULL, '1610095847322zeeshan razzaqi.jpg', '1610095847323CoverImage.jpg', NULL),
(15, 'Terrance', 'Godfrey', 't.godfrey@outlook.com', '$2a$10$IJttPQ803QMuucTkg7BX9.c0HoN5fb4J/v4XmecXkmmyugucrNhkG', 151, 2, 1, '+971507487791', '1993-01-08', 'artist-and-client', 'I possess a wide range of skills in film making, photshoots, concept and app design', NULL, '+971507487791', 'https://www.youtube.com/watch?v=NpEaa2P7qZI', NULL, 'https://www.instagram.com/erry_godfrey', NULL, '1610096110610terrance godfrey.jpg', '1610096110611CoverImage.jpg', NULL),
(16, 'Johnson', 'Mendonca', 'joemen85@gmail.com', '$2a$10$Xk8v3S3kilADEgO1UEWrpO01u.pdo1Szu2fPzGnCjGh5n2P40USCa', 334, 2, 1, '+971543878786', '1980-03-05', 'artist-and-client', 'I work as Assistant Manager Partnerships with Gulf News. Connect with me for all your advertising & partnership needs.', 'https://www.linkedin.com/in/johnsonmendonca/', '+971543878786', 'https://youtu.be/mCk3tV4Q820', 'https://www.facebook.com/johnson.mendonca.1', 'https://www.instagram.com/joemen85', NULL, '1610096250558johnson mendonca.jpg', '1610096250561CoverImage.jpg', NULL),
(17, 'Dheeraj', 'Thakur', 'dheeraj@publink.ae', '$2a$10$OCh9jTBWkRgvfAivaTtCh.dcrLM9R3y2Cjkqdz/.wH5ps0afMQeP.', 332, 2, 1, '+971508837975', '1969-01-08', 'artist-and-client', 'I am a PR expert providing solutions in branding and marketing', NULL, '+971508837975', 'https://www.youtube.com/watch?v=NpEaa2P7qZI', NULL, NULL, NULL, '1610096452650dheeraj thakur.jpg', '1610096452652CoverImage.jpg', NULL),
(18, 'Sunil', 'Rungta', 'sunill.rungta@gmail.com', '$2a$10$L4r1qG3qrIIxuJzlk13wK.ApvgxwG2BzvCjUSVLFWq9zhgTM9DkXu', 262, 228, 3, '+919820120348', '1975-10-16', 'artist-and-client', 'We specialize in car rental solutions across India', NULL, '+919820120348', 'https://www.youtube.com/watch?v=NpEaa2P7qZI', NULL, NULL, NULL, '1611154097678sunil rungta.jpg', '1610096625783CoverImage.jpg', NULL),
(19, 'John', 'Nair', 'johnnair999@gmail.com', '$2a$10$AehRfM4ymlnixs4UnZgPieLdch6aysrAKqfnFPyX2Rp4GUp0abCNm', 266, 228, 3, '+919820222057', '1969-02-09', 'artist-and-client', 'With more than 20 years working with Cox and Kings in the travel industry. I am open for a consultancy role to develop your travel decision with my industry expertise. Travel sector is going through a downfall and I can suggest customized solutions to create new partnerships and revenue channels ', 'https://www.linkedin.com/in/john-nair-998b671a', '+919820222057', 'https://www.youtube.com/watch?v=x82uUdYYkMo', 'https://www.facebook.com/john.nair.39', 'https://www.instagram.com/john_nair', NULL, '1610096913458john nair.jpg', '1610096913459CoverImage.jpg', NULL),
(20, 'Pritpal', 'Singh', 'psjsaini@gmail.com', '$2a$10$cNaaeyIuzu7UwxTzCxtvx./wc57mOwCXA5aFMWrSfMr0snG2PYYtq', 292, 2, 1, '+971502057328', '1976-07-18', 'artist-and-client', 'I specialize in Petrochemical Refinery, De Sallination and Shipping', NULL, '+971502057328', 'https://www.youtube.com/watch?v=NpEaa2P7qZI', NULL, 'https://www.instagram.com/https://www.instagram.com/sainipritpalsingh', NULL, '1610097115042pritpal singh.jpg', '1610097115043CoverImage.jpg', NULL),
(21, 'Simran', 'Kaur', 'simprithjoe@gmail.com', '$2a$10$KIMv4txAuKw7Ar1nRLeA/eH9yGpGIGBWL0P1drtWee7dMTOxzISxS', 178, 552, 2, '+17788557753', '1978-01-08', 'artist-and-client', 'I specialize in Canadian study and immigration solutions', NULL, '+17788557753', 'https://www.youtube.com/watch?v=NpEaa2P7qZI', NULL, NULL, NULL, '1611154643991simran.jpg', '1610097265869CoverImage.jpg', NULL),
(22, 'Preston', 'Dsouza', 'prsdxb@gmail.com', '$2a$10$JJSCGJyzkthGuFi32nOZ7OqBHVnYrbDxvBehkln0VOEBtEa8Xo2hW', 252, 2, 1, '+971545825592', '1951-01-08', 'artist-and-client', 'I have specialized in organizing large scale sporting events from conceptualizing to execution', NULL, '+971545825592', 'https://www.youtube.com/watch?v=NpEaa2P7qZI', NULL, 'https://www.instagram.com/simran283', NULL, '1611154713258preston dsouza.jpg', '1610097416736CoverImage.jpg', NULL),
(23, 'DJ', 'Wynn', '2vinalways@gmail.com', '$2a$10$TuNqV5mO50GyJhybkp3LK.8vyoT86tXF0u1LBDs.Knxrij9c89Q4y', 193, 3, 1, '+9715096479', '1990-01-08', 'artist-and-client', 'I am a professional DJ specializing in ROCK and Heavy metal music', 'https://www.linkedin.com/in/vinod-thangoor-b4a25238/', '+971509647009', 'https://www.youtube.com/watch?v=NpEaa2P7qZI', NULL, 'https://www.instagram.com/djwnnalways', NULL, '1610097593222DJ WYNN.jpg', '1610097593222CoverImage.jpg', NULL),
(24, 'Vinod', 'Fernandes', 'vinufernandes82@gmail.com', '$2a$10$dmJsToG72ppe7ykRv.1f3ubQkDnM.xtdj4TiHqb05SPKmE4WbR/me', 225, 2, 1, '+971508251986', '1959-01-08T00:00:00.000Z', 'artist-and-client', 'I have specialised in organising large scale sporting events from conceptualizing to execution', NULL, '+971508251986', 'https://www.youtube.com/watch?v=NpEaa2P7qZI', NULL, NULL, NULL, '1610097715019vinod fernandes.jpg', '1610097715020CoverImage.jpg', NULL),
(25, 'Vinita', 'Noronha', 'vineetanoronha@gmail.com', '$2a$10$tKCWYWdSIBazHbcPzReS8eyjImHU.PrgqWWTErAi8KfNECnseFbp.', 185, 228, 3, '+919029515870', '1995-01-08', 'artist-and-client', 'I am a specialised freelance graphic artist ', 'https://www.linkedin.com/in/vineeta-noronha-59621728', '+919029515870', 'linkedin.com/in/vineeta-noronha-59621728', NULL, NULL, '', '1610097918820vinita noronha.jpg', '1610097918821CoverImage.jpg', NULL),
(26, 'Jerry', 'David', 'jerry_feather@yahoo.com', '$2a$10$ihHZMqmlqkgDq/8/uL62Iuhr/sTOMYKMBZWwh36Y7ncINosw3F7Li', 151, 228, 3, '+919820381098', '1979-11-23', 'artist-and-client', 'I specialize in animation and movie production', 'https://www.linkedin.com/in/jerry-david-production/', '+919820381098', 'https://www.youtube.com/watch?v=NpEaa2P7qZI', NULL, NULL, NULL, '1610098080660jerry david.jpg', '1610098080663CoverImage.jpg', NULL),
(27, 'Preeti', 'Dsouza', 'preetibellydance@gmail.com', '$2a$10$QLG21PP1gOaufjsv6vIkGOrmWQO6KLJaMhCVJl2qdxLfrq7X9m/Oq', 194, 228, 3, '+918433661770', '1999-01-08', 'artist-and-client', 'A belly dancer who is known for breaking the mould of body, size and age. She has spent the last 10 years both learning and teaching Bellydance in Mumbai. She has trained in Jazz with Shiamak Davar too! She teaches regular Bellydance classes in Andheri, Goregaon, Kandivli, Borivali and Vasai.She travels every year to train students internationally. She has performed nationally and internationally too! She is the first Indian to teach Bellydance in Kuwait and choreograph a Bellydance fusion routine performed by Indians in Kuwait.  She has judged many dance competitions in the past.She believes dance is a powerful medium of expressing oneself! Dance is for all and age and size should not stop anyone.', NULL, '+918433661770', 'https://youtu.be/0sJcMnAxtMc', NULL, 'https://www.instagram.com/preetibellydance', NULL, '1612958106389UpdateProfileImage.png', '1610098233094CoverImage.jpg', NULL),
(28, 'Anlyn', 'Baretto', 'anlyn25@gmail.com', '$2a$10$nqCTT.OhjsmeA2aEV2SPr.oyvKdFFCkMavl3aqQC6mj0TVSi26Gue', 203, 2, 1, '+971566984632', '1993-01-08', 'artist-and-client', 'I specialize in events from planning to execution', 'https://www.linkedin.com/in/anlyn-barretto-9536aaa/', '+971566984632', 'https://www.youtube.com/watch?v=NpEaa2P7qZI', NULL, NULL, NULL, '1610098365351anlyn baretto.jpg', '1610098365352CoverImage.jpg', NULL),
(29, 'Dalton', 'Dcruz', 'edgardcruze@gmail.com', '$2a$10$MR7PDfJoo1.gPqoimKrOsugYaE1KgHLatASKvZLE7/C6W73y5809C', 230, 2, 1, '+971564033452', '1984-01-08', 'artist-and-client', 'I am a drummer in my band and follow music passionately', NULL, '+971564033452', 'https://www.youtube.com/watch?v=NpEaa2P7qZI', NULL, 'https://www.instagram.com/dalton.dcruze', NULL, '1610098512638dalton dcruz.jpg', '1610098512638CoverImage.jpg', NULL),
(30, 'Om', 'Mehta', 'ommehta@gmail.com', '$2a$10$wmZxUF2KzbkXQxyzJSne5.S.betHHq/kkI6P/yg5EOujImx0qleda', 227, 2, 1, '+16475003021', '1965-01-08', 'artist-and-client', 'I provide media solutions to corporates in Toronto', 'https://www.linkedin.com/in/ommehta/', '+6475003021', 'https://www.youtube.com/watch?v=NpEaa2P7qZI', NULL, NULL, NULL, '1611154555852om mehta.jpg', '1610098707989CoverImage.jpg', NULL),
(32, 'Vanessa', 'Noronha', 'vanessanoronha12@gmail.com', '$2a$10$wchgl5wuONQ5FPbP7p6kP.7pX/CgKnsOVYNacrvjgrMChQmMryrLe', 166, 228, 3, '+918356816667', '1993-02-01', 'artist-and-client', 'I am passionate about my work and love experimenting on new products using the knowledge I have gained in the past few years. I have handled high volume of request in high-pressure culinary environment and still managed a smooth kitchen operation. I look forward to work in an establishment where I could contribute my expertise and learn new things to help me reach the apex in this profession.', NULL, '+918356816667', 'https://www.youtube.com/watch?v=NpEaa2P7qZI', NULL, 'https://www.instagram.com/vanessanoronha12', NULL, '1610099092700vanessa noronha.jpg', '1610099092701CoverImage.jpg', NULL),
(33, 'Neelam', 'Kinger', 'neelamkingermakeup@gmail.com', '$2a$10$2Ms8UuS5HhUa9eAP0xuK9.ooT82xUmgJQZj07PjN/TRdudsnw6KMO', 273, 2, 1, '+971524053262', '1953-01-10', 'artist-and-client', 'Dubai based Professional Hair & Makeup Artist & Trainer', 'https://www.linkedin.com/in/k-r-nayar-4a775a1b0', '+971524053262', 'https://www.youtube.com/watch?v=NpEaa2P7qZI', NULL, 'https://www.instagram.com/neelamkingermakeup', NULL, '1610287599109neelam kinger.jpg', '1610287599111CoverImage.jpg', NULL),
(34, 'Gloria', 'Salis', 'gloria.salis@gmail.com', '$2a$10$NKAFN9y3ZcWX0VS459jbheabhSeRxpCjgPjpNVoOqgL4O01.c30Ne', 205, 2, 1, '+971564782261', '1951-01-10', 'artist-and-client', 'I\'m here to help you. I\'m a certified Personal Trainer and specialise in weight loss, bodybuilding, postnatal or if you just want to get moving. I hold a Level 3 Diploma in Personal Training and Nutrition so be well assured you\'re in good and safe hands. ', 'https://www.linkedin.com/in/gloria-salis-220a18a/', '+971564782261', 'https://www.instagram.com/https://www.instagram.com/gloriasalis_fitness', 'https://www.facebook.com/gloria.salis', 'https://www.instagram.com/https://www.instagram.com/https://www.instagram.com/gloriasalis_fitness', NULL, '1612541766035UpdateProfileImage.png', '1612541766036UpdateCoverImage.png', NULL),
(35, 'Mariem', 'Younis', 'mmariemali@live.com', '$2a$10$sdDDhGgfeQ.ehXAV21AMRuRs5cpCjFdInZm0ZroHNAxEiGmihm3mu', 335, 2, 1, '+971508386840', '1990-07-28', 'artist-and-client', 'I work in the marketing team of Gulf News', NULL, '+971508386840', 'https://www.youtube.com/watch?v=NpEaa2P7qZI', NULL, 'https://www.instagram.com/mariemali', NULL, '1610288159877mariem ali.jpg', '1610288159879CoverImage.jpg', NULL),
(36, 'Aditya', 'Korde', 'korde.aditya@gmail.com', '$2a$10$k6zzGmUjk2xqsEusemcFn.89VdupbBQQD1Q0ruk2CFDm5P67mZo1e', 243, 228, 3, '+919998566857', '1993-01-10', 'artist-and-client', 'Seasoned App developer with over 10+ years of experience ', 'https://www.linkedin.com/in/aditya-korde-31051421/', '+919998566857', 'https://www.youtube.com/watch?v=NpEaa2P7qZI', 'https://www.facebook.com/compwizkid', 'https://www.instagram.com/compwizkid', NULL, '1611427612509UpdateProfileImage.png', '1610288506969CoverImage.jpg', NULL),
(37, 'Esperance', 'Mendonca', 'esperanceemendonca@gmail.com', '$2a$10$uyvHMw6sBa0qpB/8N1U1N.eale9bU.zv2idQpwoTsFluTzwKrRwAG', 159, 2, 1, '+971504258207', '1981-10-04', 'artist-and-client', 'I build relationships and excel in b2b and b2c networking.', NULL, '+971504258207', 'https://www.youtube.com/watch?v=NpEaa2P7qZI', NULL, NULL, NULL, '16111560777212491DFCD-55AE-431F-960E-D7199F8C004E.png', '1610289238926CoverImage.jpg', NULL),
(38, 'Avalanne', 'Dsouza', 'avalanne.psychologist@gmail.com', '$2a$10$vOF7.uRv/2YH/Pr/TGdS.uobpGRke8s7knnFPzK0uo6DfJliMpz52', 276, 228, 3, '+918169892338', '1983-01-10', 'artist-and-client', 'I am a therapist who specializes in solutions for emotional and mental needs', 'https://www.linkedin.com/in/avalanne-d-souza-25bb1b19b/', '+918169892338', 'https://www.youtube.com/watch?v=NpEaa2P7qZI', NULL, 'https://www.instagram.com/avalanne.psychologist', NULL, '1610289616493ava dsouza.jpg', '1610289616494CoverImage.jpg', NULL),
(58, 'Fakhar', 'Hasan', 'fakharulhsn@gmail.com', '$2a$10$NPI/s1PCxr7TtAZFX5PH3OSyklT9PxJ5lmdN1tcoT4m37enMlmmX6', 265, 4, 1, '+971502025629', '1980-05-21', 'artist-and-client', 'I organize desert Safari with customized prices for my clients.\n', NULL, '+971502025629', 'https://youtu.be/4CLQlmQ3Sn8', NULL, 'https://www.instagram.com/spacenartists', 'spacenartists.com', '1611153783861hasan.jpg', '1611153676899CoverImage', NULL),
(59, 'Kris', 'Kandamkulathy', 'krisjk2004@gmail.com', '$2a$10$9V5PTOrggq0.ObDpJglCze0HEUO50WMQJBQa5zssHPNJvrN77zRWK', 152, 4, 1, '+971501430643', '2000-01-29', 'client', 'i love to edit and direct movies, also i like to edit photos using my own creativity', NULL, '+971501430643', '', NULL, 'https://www.instagram.com/@kristalfoo', NULL, '1611493089669UpdateProfileImage.png', '1611493089670UpdateCoverImage.png', NULL),
(61, 'Jerry', 'Kandamkulathy', 'jerryk1976@gmail.com', '$2a$10$EPh6wEVvdW8ERJhJCDytm.6KkGvzcOGmqujpC5vWKUUU6j5XHZPmW', 198, 4, 1, '+971567364053', '1976-03-22', 'artist-and-client', 'You want to make a birthday video with your favorite song and with loads of images to surprise a lucky friend? - Reach out to me!!!\r\n To see sample video please check my YouTube Channel “jerryk1976@gmail.com”\r\nhttps://youtube.com/channel/UCBBm06q6KpHaVn7vYDGx_-Q', NULL, '+971567364053', 'https://youtu.be/kzMjWsdxBLY', NULL, NULL, NULL, '1611233394238ProfileImage.png', '1611233394247CoverImage.png', NULL),
(62, 'Samir', 'Gurung', 'businesswld@gmail.com', '$2a$10$0a6zB5b7xlQFdwv2fFhyMOHCdYgl1iwNFymYoQTPgy5lLuLp3Lyki', 245, 26, 3, '+9779823104422', '2001-12-26', 'artist-and-client', 'I am a Content Writer and Creative Writer. I\'m a man of the highest integrity. You won\'t regret dealing with me. ', 'https://www.linkedin.com/feed/update/urn:li:activity:6757997572436103168', '+9779823104422', 'https://youtu.be/COMNdzG4mNI', NULL, 'https://www.instagram.com/samirgurung927', 'https://spacenartists.com/sign-up', '1611319111595ProfileImage.png', '1611319111598CoverImage.png', NULL),
(67, 'Jinu', 'Thomas', 'jct.777@gmail.com', '$2a$10$5DjxF0jKHnyTXwKUa4ULseBpJpWUiN2YGLW6PfVkNa5pCJbxr5iUW', 178, 588, 7, '+96599114562', '1977-04-30', 'artist-and-client', 'IT Professional', 'https://www.linkedin.com/in/jinu-thomas-b543bba', '+96599114562', 'https://www.youtube.com/channel/UCVbaDXJrXj0H-niQmPZ3gqg', 'https://www.facebook.com/JCT.777/', 'https://www.instagram.com/jct777', 'https://www.facebook.com/JCT.777/', '1611727281528ProfileImage.png', '1611727281531CoverImage.png', '2021-01-27 06:02:41'),
(68, 'Aamer', 'Ali', 'aamerali-78@hotmail.com', '$2a$10$V4TP9Xx9A2ZlW5/Ie/33Qef57ySfOxkYfGm9B4Dx1e6WrootJkdwi', 347, 3, 1, '+971507810209', '1970-01-01', 'artist-and-client', 'I am Aamer Ali, A Hyper Realist Graphite Portraitist  ', 'https://www.linkedin.com/in/aamerali78/', '+971507810209', 'https://www.youtube.com/watch?v=7POA4B4YHKY&t=22s', 'https://www.facebook.com/aamer.m.ali/', 'https://www.instagram.com/aamerali78', 'https://www.youtube.com/watch?v=7POA4B4YHKY&t=22s', '1611733897835ProfileImage.png', '1611733897837CoverImage.png', '2021-01-27 07:53:48'),
(69, 'Corinne', 'Yeh', 'corinne@awesome.com', '$2a$10$9yoEC69sR/zH/XptNWFLi.o0iacF2aFqggoYkR7aM.ZUSthyHZxlW', 251, 2, 1, '+971558414934', '1998-04-01', 'artist-and-client', 'I like arts and crafts and walks on the beach', 'https://www.linkedin.com/in/corinne-anthonette-yeh-5581b017a/', '+971558414934', 'https://youtube.com/channel/UCsoT3jTJlRPSOlJZbqXKbow', NULL, 'https://www.instagram.com/Happycor', 'Clicktap.ae', '1611742856712ProfileImage.png', '1611742856717CoverImage.png', NULL),
(72, 'Sumaiz', 'Syed', 'sumaiz.syed@gmail.com', '$2a$10$u0YK8nIsaOpKhjYFe6GkLOMJunjgiIM/3Qm1xTrz23C8Foe92QblW', 162, 2, 1, '+971506714341', '1970-01-01', 'artist-and-client', 'I am A Digital Business Strategist. Let\'s connect. ', NULL, '+971506714341', 'https://www.youtube.com/watch?v=umUmrzounFI', NULL, NULL, NULL, '1611745855624ProfileImage.png', '1611745855627CoverImage.png', NULL),
(80, 'Sarah', 'Ha', 'info@businesschallenges.net', '$2a$10$hiCNsk6GRk0DhcgY.fOgLujccOYRB6uPh9SL3YDeeIRf3FJYxXMWa', 162, 3, 1, '+971556046482', '1983-04-02', 'artist-and-client', 'I am a Strategy & Business Process Consultant, helping Entrepreneurs and Small & Medium-sized businesses to strategically turn their vision into actions by providing tailored and actionable solutions. ', 'https://www.linkedin.com/in/businesschallenges/', '+00971556046482', 'null', NULL, 'https://www.instagram.com/business_challenges', 'https://www.businesschallenges.net', '1611820477529ProfileImage.png', '1611820477532CoverImage.png', '2021-01-28 08:09:28'),
(82, 'Svetlana', 'Colaco', 'svety23@gmail.com', '$2a$10$mO37J6b/IFN1sUvjg8GFzepdPjkZCLhjmsWAlYumuCfvNBRg9Rxp.', 139, 228, 3, '+919673026280', '1982-09-22', 'artist-and-client', 'Upcoming fashion designer', NULL, '+919673026280', NULL, 'https://www.facebook.com/svetlana.colaco', 'https://www.instagram.com/bubblesbysvetlana', 'http://Spacenartists.com', '1611825804590ProfileImage.png', '1611825804592CoverImage.png', NULL),
(83, 'Rebecca', 'Gomes', 'rebecca@clicktap.ae', '$2a$10$XiB9a1PSFau32z3RLqEePOVlLpI9sbVDj9rUGMt06yy8F0r4SIdtq', 26, 228, 1, '+971505747558', '1989-11-10', 'artist-and-client', 'I am passionate about HR. Big bollywood fan, people\'s person and I get things done.', NULL, '+971505747558', 'null', NULL, NULL, NULL, '1612004963419ProfileImage.png', '1612004963429CoverImage.png', '2021-01-30 11:14:21'),
(84, 'Aldrik', 'Marquez', 'aldrik@clicktap.ae', '$2a$10$x1kQITEI8YXzl4prbXPmGe9DmI4XM1E..GGLQO5TRaeV5cFiMyqsW', 182, 2, 1, '+971509815675', '1995-07-25', 'artist-and-client', 'Multimedia Designer', NULL, '+971509815675', 'null', NULL, NULL, NULL, '1612164366950UpdateProfileImage.png', '1612164246005CoverImage.png', '2021-02-01 07:59:19'),
(86, 'Nayana', 'Dias', 'jannasonadias10@yahoo.com', '$2a$10$emiTAxEyVpf6TRA3Z5U1Z.dAnlPPoMwl.PvB8lMjXqhLYWcFGPMAy', 195, 2, 1, '+0564468314', '1970-01-01', 'artist-and-client', 'I m a professional singer, with many years of experience in singing, performed in India, Dubai, Oman, Bahrain, Georgia & Africa for various events, gatherings, private functions and parties.  I can sing in different languages like Hindi, Bengali, Marathi, Gujarati. Punjabi & Pakistani.\nI can sing both new and old, fast and slow songs, ghazals, navrati songs... I can be a solution to your needs if you ever plan to have any events or functions any time....', NULL, '+0564468314', 'https://youtu.be/UuTtFbIBp7g', 'https://www.facebook.com/jannasonadias', NULL, NULL, '1612209493857ProfileImage.png', '1612209493862CoverImage.png', NULL),
(87, 'ShyamSunder', 'Bhattacharjee', 'info@centralservices.in', '$2a$10$j7Z6IW7JJrzMLuMtKayAN.Xun2sFyywZ9BkVhAxr70NdYZR/R4X9K', 175, 229, 3, '+919987797247', '1972-09-12', 'artist-and-client', 'Website management entails a number of different services that are combined together so you don\'t have to worry about running your website.   Essentially, when you contract out to a company like ours to manage your website, we do all of the website related work and all you need to do is tell us what you need. \n\nManagement can be broken down into three major categories: Security, content management, and website support.', 'https://www.linkedin.com/in/shyamsunderbhattacharjee', '+919987797247', 'https://www.youtube.com/user/24x7CentralServices', 'https://www.facebook.com/shyam.sunder.bhattacharjee', 'https://www.instagram.com/https://www.instagram.com/shyamsunderbhattacharjee', 'https://www.centralservices.in', '1612264172805ProfileImage.png', '1612264172807CoverImage.png', NULL),
(88, 'Dhrubo', 'Mukherjee', 'dhrubomukherjee@gmail.com', '$2a$10$fC/CzPNhF7zger7aIUSwf.fUFQ5i1GGwKxP3EXWkXi.nENaXp6YZa', 159, 106, 3, '+919920051092', '1960-10-27', 'artist-and-client', 'Storyteller, inspirer, create emotional engagement for providing a purpose to businesses, organizations, teams, individuals. Travel connoisseur, guide to the continent India ', 'https://www.linkedin.com/in/dhrubo-mukherjee-300598a/', '+919920051092', 'null', NULL, 'https://www.instagram.com/dhrubo695', NULL, '1612266211687ProfileImage.png', '1612266211688CoverImage.png', NULL),
(89, 'Aarti', 'Shah', 'aartishah1711@gmail.com', '$2a$10$mx5AJPrBSnMctAOvF1OdROnEQesyz4EYTUl3JPRO99VfYKrkFgCV2', 185, 228, 3, '+9757070732', '1975-11-16', 'artist-and-client', 'Decorative Items, Corporate Giftings, Pre wedding Requirements, Rakhi\'s, Torans, Rangoli\'s', NULL, '+9757070732', 'https://www.youtube.com/watch?v=dbc5-SoZr7k', 'https://www.facebook.com/Aartis-Art-103671963568222', NULL, NULL, '1612285304148ProfileImage.png', '1612285304151CoverImage.png', NULL),
(90, 'Imtiaz', 'Khatri', 'itsmeimtiaz@yahoo.com', '$2a$10$jcarwbsPhVmzRxn4m0Ja/.mKkigmK0uDbj.CIEY3eG1p70VM1EmM6', 138, 228, 3, '+9820819090', '1976-06-14', 'artist-and-client', 'An experienced and versatile professional advisor with a strong background in Office Administration, Facility, procurement and project management. I have been involved in the commercial real estate, facilities management and Administration industry for more than a decade.\r\n\r\nI have held senior roles in a Media organizations. Responsible for the creation and development of the construction Capex and facilities management activity and facilities management audit. \r\n\r\nI have extensive experience of managing strategic projects for large scale outsourcing, FM, Commercial Services, and Commercial Construction contracts in the property rents, brokerage and FM outsourcing arena\r\n\r\nI have been fulfilling a series of similar strategic roles as an senior management. Providing support, strategy and influence and directing those of the client’s in house teams.\r\n\r\nResults delivered have come through a strong analytical & administrative focus but equally importantly from being able to take decisions quickly.  Having worked on a number of recognizable facilities in India I bring a unique blend of strategic and practical experience having gained many years experience in the field.', NULL, '+9820819090', NULL, NULL, NULL, NULL, '1612342618136ProfileImage.png', '1612342618140CoverImage.png', NULL),
(91, 'Monica', 'Dhawan', 'monicatalks9@gmail.com', '$2a$10$PLyn0PRuR.PKi1.nQlEkcu.paPH/17nZed6NWXA1ySBrtNDtiIggC', 230, 137, 3, '+8860880597', '2021-02-28', 'artist-and-client', 'I am Monica Dhawan. I have a poetry youtube channel \"Monica Talks\". ', 'https://www.linkedin.com/in/monica-dhawan-30818816/', '+918860880597', 'https://www.youtube.com/watch?v=tgeASi4A3rk', 'https://www.facebook.com/monika.dhawan', 'https://www.instagram.com/@monicatalks', NULL, '1612760180773ProfileImage.png', '1612760180777CoverImage.png', NULL),
(93, 'BIJOY', 'JOSE', 'fly2xdcreation@gmail.com', '$2a$10$32eW0xCCbJQIO1FIp71Sn.2FGK27MZC7wJbFWnBpTmdXMAG9aAVei', 172, 329, 3, '+00919995476564', '1984-05-10', 'artist-and-client', 'What better you can express through Video & Photography!!!\r\nXD CREATION  Is One of india\'s premiere wedding cinematography and photography team based in Kerala, India.\r\nWe turn your Memorable Events into Special Moments to be cherished lifelong.\r\nMay it be an Engagement Ceremony, Wedding, Baby Shower or a Birthday Celebration, reach out to us and we can transform your dream into reality.\r\nExplore us on', 'http://linkedin.com/in/xd-creation-a49199205', '+00919995476564', 'https://www.youtube.com/watch?v=RnP7R7EXZRI', 'https://www.facebook.com/XDCreation/', 'https://www.instagram.com/xd.creation', NULL, '1612894349216UpdateProfileImage.png', '1612895379441UpdateCoverImage.png', NULL);

-- --------------------------------------------------------

--
-- Structure for view `clients_information`
--
DROP TABLE IF EXISTS `clients_information`;

CREATE ALGORITHM=UNDEFINED DEFINER=`root`@`localhost` SQL SECURITY DEFINER VIEW `clients_information`  AS SELECT `u`.`id` AS `id`, `u`.`firstName` AS `firstName`, `u`.`lastName` AS `lastName`, `u`.`email` AS `email`, `u`.`password` AS `password`, `u`.`categoryId` AS `categoryId`, `u`.`cityId` AS `cityId`, `u`.`countryId` AS `countryId`, `u`.`phone` AS `phone`, `u`.`dateOfBirth` AS `dateOfBirth`, `u`.`role` AS `role`, `u`.`description` AS `description`, `u`.`linkedin` AS `linkedin`, `u`.`whatsapp` AS `whatsapp`, `u`.`youtube` AS `youtube`, `u`.`facebook` AS `facebook`, `u`.`instagram` AS `instagram`, `u`.`website` AS `website`, `u`.`profilePicture` AS `profilePicture`, `u`.`coverPicture` AS `coverPicture`, `u`.`verifiedAt` AS `verifiedAt`, `c`.`id` AS `categoryTableId`, `c`.`category_name` AS `categoryName`, `c`.`parent_id` AS `categoryParentId`, `country`.`id` AS `countryTableId`, `country`.`name` AS `countryName`, `city`.`id` AS `cityTableId`, `city`.`name` AS `cityName`, `pcat`.`category_name` AS `categoryParentName` FROM ((((`users` `u` join `category` `c` on(`u`.`categoryId` = `c`.`id`)) join `country` on(`u`.`countryId` = `country`.`id`)) join `city` on(`u`.`cityId` = `city`.`id`)) join `category` `pcat` on(`pcat`.`id` = `c`.`parent_id`)) ;

--
-- Indexes for dumped tables
--

--
-- Indexes for table `admin`
--
ALTER TABLE `admin`
  ADD PRIMARY KEY (`id`),
  ADD UNIQUE KEY `email` (`email`);

--
-- Indexes for table `category`
--
ALTER TABLE `category`
  ADD PRIMARY KEY (`id`);

--
-- Indexes for table `city`
--
ALTER TABLE `city`
  ADD PRIMARY KEY (`id`),
  ADD KEY `country_id` (`country_id`);

--
-- Indexes for table `country`
--
ALTER TABLE `country`
  ADD PRIMARY KEY (`id`),
  ADD UNIQUE KEY `name` (`name`);

--
-- Indexes for table `recommended`
--
ALTER TABLE `recommended`
  ADD PRIMARY KEY (`id`),
  ADD KEY `recommended_to` (`recommended_to`),
  ADD KEY `recommended_by` (`recommended_by`);

--
-- Indexes for table `relevant_files`
--
ALTER TABLE `relevant_files`
  ADD PRIMARY KEY (`id`),
  ADD KEY `user_id` (`user_id`);

--
-- Indexes for table `subscribe`
--
ALTER TABLE `subscribe`
  ADD PRIMARY KEY (`id`);

--
-- Indexes for table `users`
--
ALTER TABLE `users`
  ADD PRIMARY KEY (`id`),
  ADD UNIQUE KEY `email` (`email`) USING BTREE;

--
-- AUTO_INCREMENT for dumped tables
--

--
-- AUTO_INCREMENT for table `admin`
--
ALTER TABLE `admin`
  MODIFY `id` int(11) NOT NULL AUTO_INCREMENT, AUTO_INCREMENT=3;

--
-- AUTO_INCREMENT for table `category`
--
ALTER TABLE `category`
  MODIFY `id` int(11) NOT NULL AUTO_INCREMENT, AUTO_INCREMENT=348;

--
-- AUTO_INCREMENT for table `city`
--
ALTER TABLE `city`
  MODIFY `id` int(11) NOT NULL AUTO_INCREMENT, AUTO_INCREMENT=2749;

--
-- AUTO_INCREMENT for table `country`
--
ALTER TABLE `country`
  MODIFY `id` int(11) NOT NULL AUTO_INCREMENT, AUTO_INCREMENT=11;

--
-- AUTO_INCREMENT for table `recommended`
--
ALTER TABLE `recommended`
  MODIFY `id` int(11) NOT NULL AUTO_INCREMENT, AUTO_INCREMENT=85;

--
-- AUTO_INCREMENT for table `relevant_files`
--
ALTER TABLE `relevant_files`
  MODIFY `id` int(11) NOT NULL AUTO_INCREMENT, AUTO_INCREMENT=637;

--
-- AUTO_INCREMENT for table `subscribe`
--
ALTER TABLE `subscribe`
  MODIFY `id` int(11) NOT NULL AUTO_INCREMENT, AUTO_INCREMENT=22;

--
-- AUTO_INCREMENT for table `users`
--
ALTER TABLE `users`
  MODIFY `id` int(50) NOT NULL AUTO_INCREMENT, AUTO_INCREMENT=94;

--
-- Constraints for dumped tables
--

--
-- Constraints for table `city`
--
ALTER TABLE `city`
  ADD CONSTRAINT `city_ibfk_1` FOREIGN KEY (`country_id`) REFERENCES `category` (`id`);
COMMIT;

/*!40101 SET CHARACTER_SET_CLIENT=@OLD_CHARACTER_SET_CLIENT */;
/*!40101 SET CHARACTER_SET_RESULTS=@OLD_CHARACTER_SET_RESULTS */;
/*!40101 SET COLLATION_CONNECTION=@OLD_COLLATION_CONNECTION */;
